file,line,type,commit,author,date,time,timezone,datetime,depth,length
style.css,1,css,d7962913,Michael Luo,2025-04-10,01:54:12,-07:00,2025-04-10T01:54:12-07:00,0,6
style.css,2,css,d7962913,Michael Luo,2025-04-10,01:54:12,-07:00,2025-04-10T01:54:12-07:00,0,32
style.css,3,css,d7962913,Michael Luo,2025-04-10,01:54:12,-07:00,2025-04-10T01:54:12-07:00,0,33
style.css,4,css,d7962913,Michael Luo,2025-04-10,01:54:12,-07:00,2025-04-10T01:54:12-07:00,0,0
style.css,5,css,ab12f02f,Michael Luo,2025-04-18,03:42:03,-07:00,2025-04-18T03:42:03-07:00,0,5
style.css,6,css,ab12f02f,Michael Luo,2025-04-18,03:42:03,-07:00,2025-04-18T03:42:03-07:00,0,24
style.css,7,css,ab12f02f,Michael Luo,2025-04-18,03:42:03,-07:00,2025-04-18T03:42:03-07:00,0,0
style.css,8,css,3132d465,Michael Luo,2025-04-03,22:30:42,-07:00,2025-04-03T22:30:42-07:00,0,5
style.css,9,css,3132d465,Michael Luo,2025-04-03,22:30:42,-07:00,2025-04-03T22:30:42-07:00,0,44
style.css,10,css,3132d465,Michael Luo,2025-04-03,22:30:42,-07:00,2025-04-03T22:30:42-07:00,0,43
style.css,11,css,3132d465,Michael Luo,2025-04-03,22:30:42,-07:00,2025-04-03T22:30:42-07:00,0,1
style.css,12,css,3132d465,Michael Luo,2025-04-03,22:30:42,-07:00,2025-04-03T22:30:42-07:00,0,24
style.css,13,css,6502091b,Michael Luo,2025-04-10,01:15:31,-07:00,2025-04-10T01:15:31-07:00,0,16
style.css,14,css,03862519,Michael Luo,2025-04-10,01:19:59,-07:00,2025-04-10T01:19:59-07:00,0,19
style.css,15,css,c3552020,Michael Luo,2025-04-10,01:24:36,-07:00,2025-04-10T01:24:36-07:00,0,13
style.css,16,css,0210fa4e,Michael Luo,2025-04-10,01:27:40,-07:00,2025-04-10T01:27:40-07:00,0,0
style.css,17,css,0210fa4e,Michael Luo,2025-04-10,01:27:40,-07:00,2025-04-10T01:27:40-07:00,0,0
style.css,18,css,0210fa4e,Michael Luo,2025-04-10,01:27:40,-07:00,2025-04-10T01:27:40-07:00,0,6
style.css,19,css,0210fa4e,Michael Luo,2025-04-10,01:27:40,-07:00,2025-04-10T01:27:40-07:00,0,7
style.css,20,css,0210fa4e,Michael Luo,2025-04-10,01:27:40,-07:00,2025-04-10T01:27:40-07:00,0,17
style.css,21,css,f28f856e,Michael Luo,2025-04-10,01:37:07,-07:00,2025-04-10T01:37:07-07:00,0,0
style.css,22,css,f28f856e,Michael Luo,2025-04-10,01:37:07,-07:00,2025-04-10T01:37:07-07:00,0,4
style.css,23,css,f28f856e,Michael Luo,2025-04-10,01:37:07,-07:00,2025-04-10T01:37:07-07:00,0,13
style.css,24,css,81b3bc3c,Michael Luo,2025-04-10,01:46:10,-07:00,2025-04-10T01:46:10-07:00,0,18
style.css,25,css,ab12f02f,Michael Luo,2025-04-18,03:42:03,-07:00,2025-04-18T03:42:03-07:00,0,40
style.css,26,css,ab12f02f,Michael Luo,2025-04-18,03:42:03,-07:00,2025-04-18T03:42:03-07:00,0,44
style.css,27,css,f28f856e,Michael Luo,2025-04-10,01:37:07,-07:00,2025-04-10T01:37:07-07:00,0,0
style.css,28,css,f28f856e,Michael Luo,2025-04-10,01:37:07,-07:00,2025-04-10T01:37:07-07:00,0,6
style.css,29,css,f28f856e,Michael Luo,2025-04-10,01:37:07,-07:00,2025-04-10T01:37:07-07:00,0,7
style.css,30,css,81b3bc3c,Michael Luo,2025-04-10,01:46:10,-07:00,2025-04-10T01:46:10-07:00,0,21
style.css,31,css,81b3bc3c,Michael Luo,2025-04-10,01:46:10,-07:00,2025-04-10T01:46:10-07:00,0,14
style.css,32,css,81b3bc3c,Michael Luo,2025-04-10,01:46:10,-07:00,2025-04-10T01:46:10-07:00,0,18
style.css,33,css,81b3bc3c,Michael Luo,2025-04-10,01:46:10,-07:00,2025-04-10T01:46:10-07:00,0,14
style.css,34,css,81b3bc3c,Michael Luo,2025-04-10,01:46:10,-07:00,2025-04-10T01:46:10-07:00,0,0
style.css,35,css,81b3bc3c,Michael Luo,2025-04-10,01:46:10,-07:00,2025-04-10T01:46:10-07:00,0,0
style.css,36,css,81b3bc3c,Michael Luo,2025-04-10,01:46:10,-07:00,2025-04-10T01:46:10-07:00,0,14
style.css,37,css,81b3bc3c,Michael Luo,2025-04-10,01:46:10,-07:00,2025-04-10T01:46:10-07:00,0,44
style.css,38,css,81b3bc3c,Michael Luo,2025-04-10,01:46:10,-07:00,2025-04-10T01:46:10-07:00,0,21
style.css,39,css,d7962913,Michael Luo,2025-04-10,01:54:12,-07:00,2025-04-10T01:54:12-07:00,0,0
style.css,40,css,d7962913,Michael Luo,2025-04-10,01:54:12,-07:00,2025-04-10T01:54:12-07:00,0,0
style.css,41,css,d7962913,Michael Luo,2025-04-10,01:54:12,-07:00,2025-04-10T01:54:12-07:00,0,12
style.css,42,css,d7962913,Michael Luo,2025-04-10,01:54:12,-07:00,2025-04-10T01:54:12-07:00,0,46
style.css,43,css,d7962913,Michael Luo,2025-04-10,01:54:12,-07:00,2025-04-10T01:54:12-07:00,0,21
style.css,44,css,ef8643d6,Michael Luo,2025-04-10,02:08:00,-07:00,2025-04-10T02:08:00-07:00,0,0
style.css,45,css,cbbf6071,Michael Luo,2025-04-10,02:18:54,-07:00,2025-04-10T02:18:54-07:00,0,5
style.css,46,css,4928544d,Michael Luo,2025-04-10,02:38:55,-07:00,2025-04-10T02:38:55-07:00,0,13
style.css,47,css,4928544d,Michael Luo,2025-04-10,02:38:55,-07:00,2025-04-10T02:38:55-07:00,0,31
style.css,48,css,4928544d,Michael Luo,2025-04-10,02:38:55,-07:00,2025-04-10T02:38:55-07:00,0,8
style.css,49,css,cbbf6071,Michael Luo,2025-04-10,02:18:54,-07:00,2025-04-10T02:18:54-07:00,0,0
style.css,50,css,cbbf6071,Michael Luo,2025-04-10,02:18:54,-07:00,2025-04-10T02:18:54-07:00,0,0
style.css,51,css,cbbf6071,Michael Luo,2025-04-10,02:18:54,-07:00,2025-04-10T02:18:54-07:00,0,6
style.css,52,css,4928544d,Michael Luo,2025-04-10,02:38:55,-07:00,2025-04-10T02:38:55-07:00,0,13
style.css,53,css,4928544d,Michael Luo,2025-04-10,02:38:55,-07:00,2025-04-10T02:38:55-07:00,0,30
style.css,54,css,4928544d,Michael Luo,2025-04-10,02:38:55,-07:00,2025-04-10T02:38:55-07:00,0,19
style.css,55,css,cbbf6071,Michael Luo,2025-04-10,02:18:54,-07:00,2025-04-10T02:18:54-07:00,0,0
style.css,56,css,ef8643d6,Michael Luo,2025-04-10,02:08:00,-07:00,2025-04-10T02:08:00-07:00,0,0
style.css,57,css,ef8643d6,Michael Luo,2025-04-10,02:08:00,-07:00,2025-04-10T02:08:00-07:00,0,5
style.css,58,css,c1780a3c,Michael Luo,2025-04-18,03:56:54,-07:00,2025-04-18T03:56:54-07:00,0,7
style.css,59,css,c1780a3c,Michael Luo,2025-04-18,03:56:54,-07:00,2025-04-18T03:56:54-07:00,0,6
style.css,60,css,4928544d,Michael Luo,2025-04-10,02:38:55,-07:00,2025-04-10T02:38:55-07:00,0,14
style.css,61,css,4928544d,Michael Luo,2025-04-10,02:38:55,-07:00,2025-04-10T02:38:55-07:00,0,13
style.css,62,css,cbbf6071,Michael Luo,2025-04-10,02:18:54,-07:00,2025-04-10T02:18:54-07:00,0,22
style.css,63,css,4928544d,Michael Luo,2025-04-10,02:38:55,-07:00,2025-04-10T02:38:55-07:00,0,0
style.css,64,css,4928544d,Michael Luo,2025-04-10,02:38:55,-07:00,2025-04-10T02:38:55-07:00,0,0
style.css,65,css,4928544d,Michael Luo,2025-04-10,02:38:55,-07:00,2025-04-10T02:38:55-07:00,0,7
style.css,66,css,4928544d,Michael Luo,2025-04-10,02:38:55,-07:00,2025-04-10T02:38:55-07:00,0,19
style.css,67,css,ef8643d6,Michael Luo,2025-04-10,02:08:00,-07:00,2025-04-10T02:08:00-07:00,0,13
style.css,68,css,cbbf6071,Michael Luo,2025-04-10,02:18:54,-07:00,2025-04-10T02:18:54-07:00,0,0
style.css,69,css,63d5ff66,Michael Luo,2025-04-10,02:45:32,-07:00,2025-04-10T02:45:32-07:00,0,10
style.css,70,css,63d5ff66,Michael Luo,2025-04-10,02:45:32,-07:00,2025-04-10T02:45:32-07:00,0,13
style.css,71,css,63d5ff66,Michael Luo,2025-04-10,02:45:32,-07:00,2025-04-10T02:45:32-07:00,0,59
style.css,72,css,8d98e75c,Michael Luo,2025-04-10,02:47:28,-07:00,2025-04-10T02:47:28-07:00,0,8
style.css,73,css,8d98e75c,Michael Luo,2025-04-10,02:47:28,-07:00,2025-04-10T02:47:28-07:00,0,0
style.css,74,css,8d98e75c,Michael Luo,2025-04-10,02:47:28,-07:00,2025-04-10T02:47:28-07:00,0,0
style.css,75,css,8d98e75c,Michael Luo,2025-04-10,02:47:28,-07:00,2025-04-10T02:47:28-07:00,0,8
style.css,76,css,8d98e75c,Michael Luo,2025-04-10,02:47:28,-07:00,2025-04-10T02:47:28-07:00,0,13
style.css,77,css,8d98e75c,Michael Luo,2025-04-10,02:47:28,-07:00,2025-04-10T02:47:28-07:00,0,27
style.css,78,css,8d98e75c,Michael Luo,2025-04-10,02:47:28,-07:00,2025-04-10T02:47:28-07:00,0,16
style.css,79,css,63d5ff66,Michael Luo,2025-04-10,02:45:32,-07:00,2025-04-10T02:45:32-07:00,0,0
style.css,80,css,8d98e75c,Michael Luo,2025-04-10,02:47:28,-07:00,2025-04-10T02:47:28-07:00,0,0
style.css,81,css,8d98e75c,Michael Luo,2025-04-10,02:47:28,-07:00,2025-04-10T02:47:28-07:00,0,3
style.css,82,css,8d98e75c,Michael Luo,2025-04-10,02:47:28,-07:00,2025-04-10T02:47:28-07:00,0,9
style.css,83,css,8d98e75c,Michael Luo,2025-04-10,02:47:28,-07:00,2025-04-10T02:47:28-07:00,0,0
style.css,84,css,4149981f,Michael Luo,2025-04-10,02:51:09,-07:00,2025-04-10T02:51:09-07:00,0,3
style.css,85,css,4149981f,Michael Luo,2025-04-10,02:51:09,-07:00,2025-04-10T02:51:09-07:00,0,15
style.css,86,css,4149981f,Michael Luo,2025-04-10,02:51:09,-07:00,2025-04-10T02:51:09-07:00,0,0
style.css,87,css,8d98e75c,Michael Luo,2025-04-10,02:47:28,-07:00,2025-04-10T02:47:28-07:00,0,0
style.css,88,css,4149981f,Michael Luo,2025-04-10,02:51:09,-07:00,2025-04-10T02:51:09-07:00,0,23
style.css,89,css,4149981f,Michael Luo,2025-04-10,02:51:09,-07:00,2025-04-10T02:51:09-07:00,0,16
style.css,90,css,4149981f,Michael Luo,2025-04-10,02:51:09,-07:00,2025-04-10T02:51:09-07:00,0,18
style.css,91,css,4149981f,Michael Luo,2025-04-10,02:51:09,-07:00,2025-04-10T02:51:09-07:00,0,0
style.css,92,css,c3eb718e,Michael Luo,2025-04-18,03:56:09,-07:00,2025-04-18T03:56:09-07:00,0,14
style.css,93,css,c3eb718e,Michael Luo,2025-04-18,03:56:09,-07:00,2025-04-18T03:56:09-07:00,0,18
style.css,94,css,c3eb718e,Michael Luo,2025-04-18,03:56:09,-07:00,2025-04-18T03:56:09-07:00,0,9
style.css,95,css,c3eb718e,Michael Luo,2025-04-18,03:56:09,-07:00,2025-04-18T03:56:09-07:00,0,11
style.css,96,css,c3eb718e,Michael Luo,2025-04-18,03:56:09,-07:00,2025-04-18T03:56:09-07:00,0,14
style.css,97,css,c3eb718e,Michael Luo,2025-04-18,03:56:09,-07:00,2025-04-18T03:56:09-07:00,0,20
style.css,98,css,c3eb718e,Michael Luo,2025-04-18,03:56:09,-07:00,2025-04-18T03:56:09-07:00,0,0
style.css,99,css,d6108808,Michael Luo,2025-04-25,21:43:35,-07:00,2025-04-25T21:43:35-07:00,0,0
style.css,100,css,d6108808,Michael Luo,2025-04-25,21:43:35,-07:00,2025-04-25T21:43:35-07:00,0,18
style.css,101,css,d6108808,Michael Luo,2025-04-25,21:43:35,-07:00,2025-04-25T21:43:35-07:00,0,13
style.css,102,css,d6108808,Michael Luo,2025-04-25,21:43:35,-07:00,2025-04-25T21:43:35-07:00,0,37
style.css,103,css,d6108808,Michael Luo,2025-04-25,21:43:35,-07:00,2025-04-25T21:43:35-07:00,0,11
style.css,104,css,d6108808,Michael Luo,2025-04-25,21:43:35,-07:00,2025-04-25T21:43:35-07:00,0,16
style.css,105,css,d6108808,Michael Luo,2025-04-25,21:43:35,-07:00,2025-04-25T21:43:35-07:00,0,13
style.css,106,css,d6108808,Michael Luo,2025-04-25,21:43:35,-07:00,2025-04-25T21:43:35-07:00,0,18
style.css,107,css,d6108808,Michael Luo,2025-04-25,21:43:35,-07:00,2025-04-25T21:43:35-07:00,0,23
style.css,108,css,d6108808,Michael Luo,2025-04-25,21:43:35,-07:00,2025-04-25T21:43:35-07:00,0,0
style.css,109,css,d6108808,Michael Luo,2025-04-25,21:43:35,-07:00,2025-04-25T21:43:35-07:00,0,0
style.css,110,css,d6108808,Michael Luo,2025-04-25,21:43:35,-07:00,2025-04-25T21:43:35-07:00,0,18
style.css,111,css,d6108808,Michael Luo,2025-04-25,21:43:35,-07:00,2025-04-25T21:43:35-07:00,0,11
style.css,112,css,d6108808,Michael Luo,2025-04-25,21:43:35,-07:00,2025-04-25T21:43:35-07:00,0,17
style.css,113,css,d6108808,Michael Luo,2025-04-25,21:43:35,-07:00,2025-04-25T21:43:35-07:00,0,18
style.css,114,css,d6108808,Michael Luo,2025-04-25,21:43:35,-07:00,2025-04-25T21:43:35-07:00,0,0
style.css,115,css,d6108808,Michael Luo,2025-04-25,21:43:35,-07:00,2025-04-25T21:43:35-07:00,0,0
style.css,116,css,d6108808,Michael Luo,2025-04-25,21:43:35,-07:00,2025-04-25T21:43:35-07:00,0,18
style.css,117,css,d6108808,Michael Luo,2025-04-25,21:43:35,-07:00,2025-04-25T21:43:35-07:00,0,11
style.css,118,css,d6108808,Michael Luo,2025-04-25,21:43:35,-07:00,2025-04-25T21:43:35-07:00,0,9
style.css,119,css,d6108808,Michael Luo,2025-04-25,21:43:35,-07:00,2025-04-25T21:43:35-07:00,0,18
style.css,120,css,d6108808,Michael Luo,2025-04-25,21:43:35,-07:00,2025-04-25T21:43:35-07:00,0,0
style.css,121,css,7f6fe56f,Michael Luo,2025-05-01,21:57:34,-07:00,2025-05-01T21:57:34-07:00,0,14
style.css,122,css,7f6fe56f,Michael Luo,2025-05-01,21:57:34,-07:00,2025-05-01T21:57:34-07:00,0,11
style.css,123,css,7f6fe56f,Michael Luo,2025-05-01,21:57:34,-07:00,2025-05-01T21:57:34-07:00,0,31
style.css,124,css,7f6fe56f,Michael Luo,2025-05-01,21:57:34,-07:00,2025-05-01T21:57:34-07:00,0,35
style.css,125,css,7f6fe56f,Michael Luo,2025-05-01,21:57:34,-07:00,2025-05-01T21:57:34-07:00,0,18
style.css,126,css,7f6fe56f,Michael Luo,2025-05-01,21:57:34,-07:00,2025-05-01T21:57:34-07:00,0,0
style.css,127,css,4c3477e8,Michael Luo,2025-05-01,22:02:02,-07:00,2025-05-01T22:02:02-07:00,0,19
style.css,128,css,4c3477e8,Michael Luo,2025-05-01,22:02:02,-07:00,2025-05-01T22:02:02-07:00,0,15
style.css,129,css,4c3477e8,Michael Luo,2025-05-01,22:02:02,-07:00,2025-05-01T22:02:02-07:00,0,17
style.css,130,css,4c3477e8,Michael Luo,2025-05-01,22:02:02,-07:00,2025-05-01T22:02:02-07:00,0,17
style.css,131,css,10bdd556,Michael Luo,2025-05-02,00:17:34,-07:00,2025-05-02T00:17:34-07:00,0,0
style.css,132,css,cd4d01aa,Michael Luo,2025-05-02,02:33:27,-07:00,2025-05-02T02:33:27-07:00,0,0
style.css,133,css,8751b7e6,Michael Luo,2025-05-02,00:22:50,-07:00,2025-05-02T00:22:50-07:00,0,11
style.css,134,css,8751b7e6,Michael Luo,2025-05-02,00:22:50,-07:00,2025-05-02T00:22:50-07:00,0,13
style.css,135,css,cd4d01aa,Michael Luo,2025-05-02,02:33:27,-07:00,2025-05-02T02:33:27-07:00,0,9
style.css,136,css,cd4d01aa,Michael Luo,2025-05-02,02:33:27,-07:00,2025-05-02T02:33:27-07:00,0,19
style.css,137,css,8751b7e6,Michael Luo,2025-05-02,00:22:50,-07:00,2025-05-02T00:22:50-07:00,0,0
style.css,138,css,7e3c1819,Michael Luo,2025-05-02,00:39:13,-07:00,2025-05-02T00:39:13-07:00,0,8
style.css,139,css,1a8f56d0,Michael Luo,2025-05-02,03:41:11,-07:00,2025-05-02T03:41:11-07:00,0,13
style.css,140,css,8e944d00,Michael Luo,2025-05-02,05:05:34,-07:00,2025-05-02T05:05:34-07:00,0,59
style.css,141,css,4e856c58,Michael Luo,2025-05-02,04:16:27,-07:00,2025-05-02T04:16:27-07:00,0,14
style.css,142,css,fd949406,Michael Luo,2025-05-02,03:31:07,-07:00,2025-05-02T03:31:07-07:00,0,15
style.css,143,css,fd949406,Michael Luo,2025-05-02,03:31:07,-07:00,2025-05-02T03:31:07-07:00,0,23
style.css,144,css,1a8f56d0,Michael Luo,2025-05-02,03:41:11,-07:00,2025-05-02T03:41:11-07:00,0,11
style.css,145,css,8e944d00,Michael Luo,2025-05-02,05:05:34,-07:00,2025-05-02T05:05:34-07:00,0,48
style.css,146,css,1a8f56d0,Michael Luo,2025-05-02,03:41:11,-07:00,2025-05-02T03:41:11-07:00,0,22
style.css,147,css,10bdd556,Michael Luo,2025-05-02,00:17:34,-07:00,2025-05-02T00:17:34-07:00,0,0
style.css,148,css,10bdd556,Michael Luo,2025-05-02,00:17:34,-07:00,2025-05-02T00:17:34-07:00,0,0
style.css,149,css,cd4d01aa,Michael Luo,2025-05-02,02:33:27,-07:00,2025-05-02T02:33:27-07:00,0,13
style.css,150,css,10bdd556,Michael Luo,2025-05-02,00:17:34,-07:00,2025-05-02T00:17:34-07:00,0,13
style.css,151,css,10bdd556,Michael Luo,2025-05-02,00:17:34,-07:00,2025-05-02T00:17:34-07:00,0,19
style.css,152,css,7e3c1819,Michael Luo,2025-05-02,00:39:13,-07:00,2025-05-02T00:39:13-07:00,0,11
style.css,153,css,fd949406,Michael Luo,2025-05-02,03:31:07,-07:00,2025-05-02T03:31:07-07:00,0,19
style.css,154,css,10bdd556,Michael Luo,2025-05-02,00:17:34,-07:00,2025-05-02T00:17:34-07:00,0,0
style.css,155,css,8751b7e6,Michael Luo,2025-05-02,00:22:50,-07:00,2025-05-02T00:22:50-07:00,0,0
style.css,156,css,fd949406,Michael Luo,2025-05-02,03:31:07,-07:00,2025-05-02T03:31:07-07:00,0,0
style.css,157,css,cd4d01aa,Michael Luo,2025-05-02,02:33:27,-07:00,2025-05-02T02:33:27-07:00,0,8
style.css,158,css,10bdd556,Michael Luo,2025-05-02,00:17:34,-07:00,2025-05-02T00:17:34-07:00,0,10
style.css,159,css,10bdd556,Michael Luo,2025-05-02,00:17:34,-07:00,2025-05-02T00:17:34-07:00,0,11
style.css,160,css,10bdd556,Michael Luo,2025-05-02,00:17:34,-07:00,2025-05-02T00:17:34-07:00,0,30
style.css,161,css,2b65dd88,Michael Luo,2025-05-02,03:16:59,-07:00,2025-05-02T03:16:59-07:00,0,20
style.css,162,css,cd4d01aa,Michael Luo,2025-05-02,02:33:27,-07:00,2025-05-02T02:33:27-07:00,0,21
style.css,163,css,2b65dd88,Michael Luo,2025-05-02,03:16:59,-07:00,2025-05-02T03:16:59-07:00,0,0
style.css,164,css,8c233f03,Michael Luo,2025-05-03,02:05:31,-07:00,2025-05-03T02:05:31-07:00,0,0
style.css,165,css,8c233f03,Michael Luo,2025-05-03,02:05:31,-07:00,2025-05-03T02:05:31-07:00,0,37
style.css,166,css,8c233f03,Michael Luo,2025-05-03,02:05:31,-07:00,2025-05-03T02:05:31-07:00,0,12
style.css,167,css,8c233f03,Michael Luo,2025-05-03,02:05:31,-07:00,2025-05-03T02:05:31-07:00,0,0
style.css,168,css,8c233f03,Michael Luo,2025-05-03,02:05:31,-07:00,2025-05-03T02:05:31-07:00,0,0
style.css,169,css,8c233f03,Michael Luo,2025-05-03,02:05:31,-07:00,2025-05-03T02:05:31-07:00,0,9
style.css,170,css,8c233f03,Michael Luo,2025-05-03,02:05:31,-07:00,2025-05-03T02:05:31-07:00,0,25
style.css,171,css,4032a6e5,Michael Luo,2025-05-03,02:15:38,-07:00,2025-05-03T02:15:38-07:00,0,15
style.css,172,css,8c233f03,Michael Luo,2025-05-03,02:05:31,-07:00,2025-05-03T02:05:31-07:00,0,0
style.css,173,css,4032a6e5,Michael Luo,2025-05-03,02:15:38,-07:00,2025-05-03T02:15:38-07:00,0,0
style.css,174,css,4032a6e5,Michael Luo,2025-05-03,02:15:38,-07:00,2025-05-03T02:15:38-07:00,0,10
style.css,175,css,4032a6e5,Michael Luo,2025-05-03,02:15:38,-07:00,2025-05-03T02:15:38-07:00,0,36
style.css,176,css,4032a6e5,Michael Luo,2025-05-03,02:15:38,-07:00,2025-05-03T02:15:38-07:00,0,0
style.css,177,css,4032a6e5,Michael Luo,2025-05-03,02:15:38,-07:00,2025-05-03T02:15:38-07:00,0,0
style.css,178,css,4032a6e5,Michael Luo,2025-05-03,02:15:38,-07:00,2025-05-03T02:15:38-07:00,0,19
style.css,179,css,4032a6e5,Michael Luo,2025-05-03,02:15:38,-07:00,2025-05-03T02:15:38-07:00,0,18
style.css,180,css,4032a6e5,Michael Luo,2025-05-03,02:15:38,-07:00,2025-05-03T02:15:38-07:00,0,0
style.css,181,css,4032a6e5,Michael Luo,2025-05-03,02:15:38,-07:00,2025-05-03T02:15:38-07:00,0,0
style.css,182,css,4032a6e5,Michael Luo,2025-05-03,02:15:38,-07:00,2025-05-03T02:15:38-07:00,0,22
style.css,183,css,4032a6e5,Michael Luo,2025-05-03,02:15:38,-07:00,2025-05-03T02:15:38-07:00,0,36
style.css,184,css,4032a6e5,Michael Luo,2025-05-03,02:15:38,-07:00,2025-05-03T02:15:38-07:00,0,0
index.js,1,js,d6108808,Michael Luo,2025-04-25,21:43:35,-07:00,2025-04-25T21:43:35-07:00,0,72
index.js,2,js,cb03c5b0,Michael Luo,2025-04-25,21:08:24,-07:00,2025-04-25T21:08:24-07:00,0,55
index.js,3,js,cb03c5b0,Michael Luo,2025-04-25,21:08:24,-07:00,2025-04-25T21:08:24-07:00,0,43
index.js,4,js,cb03c5b0,Michael Luo,2025-04-25,21:08:24,-07:00,2025-04-25T21:08:24-07:00,0,61
index.js,5,js,d6108808,Michael Luo,2025-04-25,21:43:35,-07:00,2025-04-25T21:43:35-07:00,0,55
index.js,6,js,d6108808,Michael Luo,2025-04-25,21:43:35,-07:00,2025-04-25T21:43:35-07:00,0,57
index.js,7,js,d6108808,Michael Luo,2025-04-25,21:43:35,-07:00,2025-04-25T21:43:35-07:00,0,61
index.js,8,js,d6108808,Michael Luo,2025-04-25,21:43:35,-07:00,2025-04-25T21:43:35-07:00,0,18
index.js,9,js,d6108808,Michael Luo,2025-04-25,21:43:35,-07:00,2025-04-25T21:43:35-07:00,0,25
index.js,10,js,d6108808,Michael Luo,2025-04-25,21:43:35,-07:00,2025-04-25T21:43:35-07:00,0,3
index.js,11,js,d6108808,Michael Luo,2025-04-25,21:43:35,-07:00,2025-04-25T21:43:35-07:00,0,56
index.js,12,js,d6108808,Michael Luo,2025-04-25,21:43:35,-07:00,2025-04-25T21:43:35-07:00,0,56
index.js,13,js,d6108808,Michael Luo,2025-04-25,21:43:35,-07:00,2025-04-25T21:43:35-07:00,0,50
index.js,14,js,d6108808,Michael Luo,2025-04-25,21:43:35,-07:00,2025-04-25T21:43:35-07:00,0,50
index.js,15,js,d6108808,Michael Luo,2025-04-25,21:43:35,-07:00,2025-04-25T21:43:35-07:00,0,4
index.js,16,js,d6108808,Michael Luo,2025-04-25,21:43:35,-07:00,2025-04-25T21:43:35-07:00,0,1
index.js,17,js,d6108808,Michael Luo,2025-04-25,21:43:35,-07:00,2025-04-25T21:43:35-07:00,0,0
index.html,1,html,f79b71b0,Michael Luo,2025-04-02,17:51:34,-07:00,2025-04-02T17:51:34-07:00,0,14
index.html,2,html,f79b71b0,Michael Luo,2025-04-02,17:51:34,-07:00,2025-04-02T17:51:34-07:00,0,15
index.html,3,html,f79b71b0,Michael Luo,2025-04-02,17:51:34,-07:00,2025-04-02T17:51:34-07:00,0,5
index.html,4,html,f79b71b0,Michael Luo,2025-04-02,17:51:34,-07:00,2025-04-02T17:51:34-07:00,0,21
index.html,5,html,f79b71b0,Michael Luo,2025-04-02,17:51:34,-07:00,2025-04-02T17:51:34-07:00,0,69
index.html,6,html,f79b71b0,Michael Luo,2025-04-02,17:51:34,-07:00,2025-04-02T17:51:34-07:00,0,54
index.html,7,html,3132d465,Michael Luo,2025-04-03,22:30:42,-07:00,2025-04-03T22:30:42-07:00,0,43
index.html,8,html,f79b71b0,Michael Luo,2025-04-02,17:51:34,-07:00,2025-04-02T17:51:34-07:00,0,6
index.html,9,html,f79b71b0,Michael Luo,2025-04-02,17:51:34,-07:00,2025-04-02T17:51:34-07:00,0,5
index.html,10,html,908e1d77,Michael Luo,2025-04-17,03:28:21,-07:00,2025-04-17T03:28:21-07:00,0,3
index.html,11,html,358a536c,Michael Luo,2025-04-04,00:26:56,-07:00,2025-04-04T00:26:56-07:00,0,4
index.html,12,html,358a536c,Michael Luo,2025-04-04,00:26:56,-07:00,2025-04-04T00:26:56-07:00,0,3
index.html,13,html,f28f856e,Michael Luo,2025-04-10,01:37:07,-07:00,2025-04-10T01:37:07-07:00,0,95
index.html,14,html,81b36940,Michael Luo,2025-04-04,00:32:35,-07:00,2025-04-04T00:32:35-07:00,0,92
index.html,15,html,81b36940,Michael Luo,2025-04-04,00:32:35,-07:00,2025-04-04T00:32:35-07:00,0,90
index.html,16,html,f8441407,Michael Luo,2025-04-04,00:36:08,-07:00,2025-04-04T00:36:08-07:00,0,78
index.html,17,html,3bb0bbd2,Michael Luo,2025-04-17,02:56:05,-07:00,2025-04-17T02:56:05-07:00,0,83
index.html,18,html,358a536c,Michael Luo,2025-04-04,00:26:56,-07:00,2025-04-04T00:26:56-07:00,0,4
index.html,19,html,358a536c,Michael Luo,2025-04-04,00:26:56,-07:00,2025-04-04T00:26:56-07:00,0,5
index.html,20,html,908e1d77,Michael Luo,2025-04-17,03:28:21,-07:00,2025-04-17T03:28:21-07:00,0,2
index.html,21,html,f79b71b0,Michael Luo,2025-04-02,17:51:34,-07:00,2025-04-02T17:51:34-07:00,0,19
index.html,22,html,ff5df8ee,Michael Luo,2025-04-10,01:17:01,-07:00,2025-04-10T01:17:01-07:00,0,124
index.html,23,html,1c23fdf0,Michael Luo,2025-04-02,18:10:26,-07:00,2025-04-02T18:10:26-07:00,0,52
index.html,24,html,4f073c35,Michael Luo,2025-04-25,22:49:49,-07:00,2025-04-25T22:49:49-07:00,0,23
index.html,25,html,cb03c5b0,Michael Luo,2025-04-25,21:08:24,-07:00,2025-04-25T21:08:24-07:00,0,21
index.html,26,html,cb03c5b0,Michael Luo,2025-04-25,21:08:24,-07:00,2025-04-25T21:08:24-07:00,0,50
index.html,27,html,cb03c5b0,Michael Luo,2025-04-25,21:08:24,-07:00,2025-04-25T21:08:24-07:00,0,5
index.html,28,html,d6108808,Michael Luo,2025-04-25,21:43:35,-07:00,2025-04-25T21:43:35-07:00,0,28
index.html,29,html,d6108808,Michael Luo,2025-04-25,21:43:35,-07:00,2025-04-25T21:43:35-07:00,0,23
index.html,30,html,d6108808,Michael Luo,2025-04-25,21:43:35,-07:00,2025-04-25T21:43:35-07:00,0,53
index.html,31,html,d6108808,Michael Luo,2025-04-25,21:43:35,-07:00,2025-04-25T21:43:35-07:00,0,5
index.html,32,html,d6108808,Michael Luo,2025-04-25,21:43:35,-07:00,2025-04-25T21:43:35-07:00,0,0
index.html,33,html,26c6757f,Michael Luo,2025-04-17,02:39:20,-07:00,2025-04-17T02:39:20-07:00,0,46
index.html,34,html,cb03c5b0,Michael Luo,2025-04-25,21:08:24,-07:00,2025-04-25T21:08:24-07:00,0,51
index.html,35,html,f79b71b0,Michael Luo,2025-04-02,17:51:34,-07:00,2025-04-02T17:51:34-07:00,0,6
index.html,36,html,26c6757f,Michael Luo,2025-04-17,02:39:20,-07:00,2025-04-17T02:39:20-07:00,0,6
global.js,1,js,26c6757f,Michael Luo,2025-04-17,02:39:20,-07:00,2025-04-17T02:39:20-07:00,0,26
global.js,2,js,26c6757f,Michael Luo,2025-04-17,02:39:20,-07:00,2025-04-17T02:39:20-07:00,0,0
global.js,3,js,26c6757f,Michael Luo,2025-04-17,02:39:20,-07:00,2025-04-17T02:39:20-07:00,0,42
global.js,4,js,26c6757f,Michael Luo,2025-04-17,02:39:20,-07:00,2025-04-17T02:39:20-07:00,0,53
global.js,5,js,26c6757f,Michael Luo,2025-04-17,02:39:20,-07:00,2025-04-17T02:39:20-07:00,0,0
global.js,6,js,908e1d77,Michael Luo,2025-04-17,03:28:21,-07:00,2025-04-17T03:28:21-07:00,0,0
global.js,7,js,36ad6107,Michael Luo,2025-04-17,03:37:08,-07:00,2025-04-17T03:37:08-07:00,0,89
global.js,8,js,36ad6107,Michael Luo,2025-04-17,03:37:08,-07:00,2025-04-17T03:37:08-07:00,0,37
global.js,9,js,36ad6107,Michael Luo,2025-04-17,03:37:08,-07:00,2025-04-17T03:37:08-07:00,0,47
global.js,10,js,36ad6107,Michael Luo,2025-04-17,03:37:08,-07:00,2025-04-17T03:37:08-07:00,0,0
global.js,11,js,908e1d77,Michael Luo,2025-04-17,03:28:21,-07:00,2025-04-17T03:28:21-07:00,0,12
global.js,12,js,36ad6107,Michael Luo,2025-04-17,03:37:08,-07:00,2025-04-17T03:37:08-07:00,0,36
global.js,13,js,36ad6107,Michael Luo,2025-04-17,03:37:08,-07:00,2025-04-17T03:37:08-07:00,0,49
global.js,14,js,36ad6107,Michael Luo,2025-04-17,03:37:08,-07:00,2025-04-17T03:37:08-07:00,0,47
global.js,15,js,36ad6107,Michael Luo,2025-04-17,03:37:08,-07:00,2025-04-17T03:37:08-07:00,0,35
global.js,16,js,88a27322,Michael Luo,2025-05-08,20:54:22,-07:00,2025-05-08T20:54:22-07:00,0,40
global.js,17,js,908e1d77,Michael Luo,2025-04-17,03:28:21,-07:00,2025-04-17T03:28:21-07:00,0,60
global.js,18,js,908e1d77,Michael Luo,2025-04-17,03:28:21,-07:00,2025-04-17T03:28:21-07:00,0,1
global.js,19,js,d1230ef0,Michael Luo,2025-04-18,04:13:17,-07:00,2025-04-18T04:13:17-07:00,0,32
global.js,20,js,d1230ef0,Michael Luo,2025-04-18,04:13:17,-07:00,2025-04-18T04:13:17-07:00,0,12
global.js,21,js,d1230ef0,Michael Luo,2025-04-18,04:13:17,-07:00,2025-04-18T04:13:17-07:00,0,0
global.js,22,js,d1230ef0,Michael Luo,2025-04-18,04:13:17,-07:00,2025-04-18T04:13:17-07:00,0,27
global.js,23,js,d1230ef0,Michael Luo,2025-04-18,04:13:17,-07:00,2025-04-18T04:13:17-07:00,0,5
global.js,24,js,d1230ef0,Michael Luo,2025-04-18,04:13:17,-07:00,2025-04-18T04:13:17-07:00,0,7
global.js,25,js,d1230ef0,Michael Luo,2025-04-18,04:13:17,-07:00,2025-04-18T04:13:17-07:00,0,44
global.js,26,js,d1230ef0,Michael Luo,2025-04-18,04:13:17,-07:00,2025-04-18T04:13:17-07:00,0,35
global.js,27,js,d1230ef0,Michael Luo,2025-04-18,04:13:17,-07:00,2025-04-18T04:13:17-07:00,0,33
global.js,28,js,d1230ef0,Michael Luo,2025-04-18,04:13:17,-07:00,2025-04-18T04:13:17-07:00,0,8
global.js,29,js,d1230ef0,Michael Luo,2025-04-18,04:13:17,-07:00,2025-04-18T04:13:17-07:00,0,7
global.js,30,js,d1230ef0,Michael Luo,2025-04-18,04:13:17,-07:00,2025-04-18T04:13:17-07:00,0,0
global.js,31,js,d1230ef0,Michael Luo,2025-04-18,04:13:17,-07:00,2025-04-18T04:13:17-07:00,0,1
global.js,32,js,d1230ef0,Michael Luo,2025-04-18,04:13:17,-07:00,2025-04-18T04:13:17-07:00,0,61
global.js,33,js,b3baf26e,Michael Luo,2025-04-18,04:19:21,-07:00,2025-04-18T04:19:21-07:00,0,37
global.js,34,js,b3baf26e,Michael Luo,2025-04-18,04:19:21,-07:00,2025-04-18T04:19:21-07:00,0,71
global.js,35,js,b3baf26e,Michael Luo,2025-04-18,04:19:21,-07:00,2025-04-18T04:19:21-07:00,0,26
global.js,36,js,b3baf26e,Michael Luo,2025-04-18,04:19:21,-07:00,2025-04-18T04:19:21-07:00,0,0
global.js,37,js,b3baf26e,Michael Luo,2025-04-18,04:19:21,-07:00,2025-04-18T04:19:21-07:00,0,0
global.js,38,js,b3baf26e,Michael Luo,2025-04-18,04:19:21,-07:00,2025-04-18T04:19:21-07:00,0,0
global.js,39,js,b3baf26e,Michael Luo,2025-04-18,04:19:21,-07:00,2025-04-18T04:19:21-07:00,0,35
global.js,40,js,b3baf26e,Michael Luo,2025-04-18,04:19:21,-07:00,2025-04-18T04:19:21-07:00,0,40
global.js,41,js,b3baf26e,Michael Luo,2025-04-18,04:19:21,-07:00,2025-04-18T04:19:21-07:00,0,7
global.js,42,js,b3baf26e,Michael Luo,2025-04-18,04:19:21,-07:00,2025-04-18T04:19:21-07:00,0,0
global.js,43,js,b3baf26e,Michael Luo,2025-04-18,04:19:21,-07:00,2025-04-18T04:19:21-07:00,0,28
global.js,44,js,b3baf26e,Michael Luo,2025-04-18,04:19:21,-07:00,2025-04-18T04:19:21-07:00,0,0
global.js,45,js,b3baf26e,Michael Luo,2025-04-18,04:19:21,-07:00,2025-04-18T04:19:21-07:00,0,0
global.js,46,js,b3baf26e,Michael Luo,2025-04-18,04:19:21,-07:00,2025-04-18T04:19:21-07:00,0,0
global.js,47,js,b3baf26e,Michael Luo,2025-04-18,04:19:21,-07:00,2025-04-18T04:19:21-07:00,0,50
global.js,48,js,b3baf26e,Michael Luo,2025-04-18,04:19:21,-07:00,2025-04-18T04:19:21-07:00,0,32
global.js,49,js,b3baf26e,Michael Luo,2025-04-18,04:19:21,-07:00,2025-04-18T04:19:21-07:00,0,45
global.js,50,js,b3baf26e,Michael Luo,2025-04-18,04:19:21,-07:00,2025-04-18T04:19:21-07:00,0,32
global.js,51,js,b3baf26e,Michael Luo,2025-04-18,04:19:21,-07:00,2025-04-18T04:19:21-07:00,0,21
global.js,52,js,d1230ef0,Michael Luo,2025-04-18,04:13:17,-07:00,2025-04-18T04:13:17-07:00,0,2
global.js,53,js,b3baf26e,Michael Luo,2025-04-18,04:19:21,-07:00,2025-04-18T04:19:21-07:00,0,0
global.js,54,js,908e1d77,Michael Luo,2025-04-17,03:28:21,-07:00,2025-04-17T03:28:21-07:00,0,0
global.js,55,js,908e1d77,Michael Luo,2025-04-17,03:28:21,-07:00,2025-04-17T03:28:21-07:00,0,39
global.js,56,js,908e1d77,Michael Luo,2025-04-17,03:28:21,-07:00,2025-04-17T03:28:21-07:00,0,26
global.js,57,js,908e1d77,Michael Luo,2025-04-17,03:28:21,-07:00,2025-04-17T03:28:21-07:00,0,0
global.js,58,js,908e1d77,Michael Luo,2025-04-17,03:28:21,-07:00,2025-04-17T03:28:21-07:00,0,21
global.js,59,js,908e1d77,Michael Luo,2025-04-17,03:28:21,-07:00,2025-04-17T03:28:21-07:00,0,15
global.js,60,js,908e1d77,Michael Luo,2025-04-17,03:28:21,-07:00,2025-04-17T03:28:21-07:00,0,19
global.js,61,js,908e1d77,Michael Luo,2025-04-17,03:28:21,-07:00,2025-04-17T03:28:21-07:00,0,0
global.js,62,js,36ad6107,Michael Luo,2025-04-17,03:37:08,-07:00,2025-04-17T03:37:08-07:00,0,33
global.js,63,js,36ad6107,Michael Luo,2025-04-17,03:37:08,-07:00,2025-04-17T03:37:08-07:00,0,29
global.js,64,js,36ad6107,Michael Luo,2025-04-17,03:37:08,-07:00,2025-04-17T03:37:08-07:00,0,21
global.js,65,js,36ad6107,Michael Luo,2025-04-17,03:37:08,-07:00,2025-04-17T03:37:08-07:00,0,0
global.js,66,js,36ad6107,Michael Luo,2025-04-17,03:37:08,-07:00,2025-04-17T03:37:08-07:00,0,0
global.js,67,js,e8b5f637,Michael Luo,2025-04-17,03:40:53,-07:00,2025-04-17T03:40:53-07:00,0,35
global.js,68,js,e8b5f637,Michael Luo,2025-04-17,03:40:53,-07:00,2025-04-17T03:40:53-07:00,0,12
global.js,69,js,e8b5f637,Michael Luo,2025-04-17,03:40:53,-07:00,2025-04-17T03:40:53-07:00,0,21
global.js,70,js,ea1bae34,Michael Luo,2025-04-17,03:43:20,-07:00,2025-04-17T03:43:20-07:00,0,18
global.js,71,js,ea1bae34,Michael Luo,2025-04-17,03:43:20,-07:00,2025-04-17T03:43:20-07:00,0,9
global.js,72,js,ea1bae34,Michael Luo,2025-04-17,03:43:20,-07:00,2025-04-17T03:43:20-07:00,0,59
global.js,73,js,ea1bae34,Michael Luo,2025-04-17,03:43:20,-07:00,2025-04-17T03:43:20-07:00,0,1
global.js,74,js,ea1bae34,Michael Luo,2025-04-17,03:43:20,-07:00,2025-04-17T03:43:20-07:00,0,0
global.js,75,js,36954002,Michael Luo,2025-04-17,04:06:42,-07:00,2025-04-17T04:06:42-07:00,0,30
global.js,76,js,36954002,Michael Luo,2025-04-17,04:06:42,-07:00,2025-04-17T04:06:42-07:00,0,19
global.js,77,js,36954002,Michael Luo,2025-04-17,04:06:42,-07:00,2025-04-17T04:06:42-07:00,0,0
global.js,78,js,e8b5f637,Michael Luo,2025-04-17,03:40:53,-07:00,2025-04-17T03:40:53-07:00,0,13
global.js,79,js,5aea1224,Michael Luo,2025-04-18,03:49:17,-07:00,2025-04-18T03:49:17-07:00,0,0
global.js,80,js,926900d7,Michael Luo,2025-04-25,20:42:22,-07:00,2025-04-25T20:42:22-07:00,0,37
global.js,81,js,74b52bf2,Michael Luo,2025-04-25,20:38:22,-07:00,2025-04-25T20:38:22-07:00,0,4
global.js,82,js,74b52bf2,Michael Luo,2025-04-25,20:38:22,-07:00,2025-04-25T20:38:22-07:00,0,33
global.js,83,js,74b52bf2,Michael Luo,2025-04-25,20:38:22,-07:00,2025-04-25T20:38:22-07:00,0,21
global.js,84,js,74b52bf2,Michael Luo,2025-04-25,20:38:22,-07:00,2025-04-25T20:38:22-07:00,0,0
global.js,85,js,74b52bf2,Michael Luo,2025-04-25,20:38:22,-07:00,2025-04-25T20:38:22-07:00,0,18
global.js,86,js,74b52bf2,Michael Luo,2025-04-25,20:38:22,-07:00,2025-04-25T20:38:22-07:00,0,67
global.js,87,js,74b52bf2,Michael Luo,2025-04-25,20:38:22,-07:00,2025-04-25T20:38:22-07:00,0,0
global.js,88,js,74b52bf2,Michael Luo,2025-04-25,20:38:22,-07:00,2025-04-25T20:38:22-07:00,0,0
global.js,89,js,74b52bf2,Michael Luo,2025-04-25,20:38:22,-07:00,2025-04-25T20:38:22-07:00,0,34
global.js,90,js,74b52bf2,Michael Luo,2025-04-25,20:38:22,-07:00,2025-04-25T20:38:22-07:00,0,11
global.js,91,js,74b52bf2,Michael Luo,2025-04-25,20:38:22,-07:00,2025-04-25T20:38:22-07:00,0,16
global.js,92,js,74b52bf2,Michael Luo,2025-04-25,20:38:22,-07:00,2025-04-25T20:38:22-07:00,0,60
global.js,93,js,74b52bf2,Michael Luo,2025-04-25,20:38:22,-07:00,2025-04-25T20:38:22-07:00,0,0
global.js,94,js,74b52bf2,Michael Luo,2025-04-25,20:38:22,-07:00,2025-04-25T20:38:22-07:00,0,0
global.js,95,js,74b52bf2,Michael Luo,2025-04-25,20:38:22,-07:00,2025-04-25T20:38:22-07:00,0,80
global.js,96,js,74b52bf2,Michael Luo,2025-04-25,20:38:22,-07:00,2025-04-25T20:38:22-07:00,0,48
global.js,97,js,74b52bf2,Michael Luo,2025-04-25,20:38:22,-07:00,2025-04-25T20:38:22-07:00,0,74
global.js,98,js,74b52bf2,Michael Luo,2025-04-25,20:38:22,-07:00,2025-04-25T20:38:22-07:00,0,6
global.js,99,js,74b52bf2,Michael Luo,2025-04-25,20:38:22,-07:00,2025-04-25T20:38:22-07:00,0,0
global.js,100,js,74b52bf2,Michael Luo,2025-04-25,20:38:22,-07:00,2025-04-25T20:38:22-07:00,0,30
global.js,101,js,74b52bf2,Michael Luo,2025-04-25,20:38:22,-07:00,2025-04-25T20:38:22-07:00,0,76
global.js,102,js,74b52bf2,Michael Luo,2025-04-25,20:38:22,-07:00,2025-04-25T20:38:22-07:00,0,6
global.js,103,js,74b52bf2,Michael Luo,2025-04-25,20:38:22,-07:00,2025-04-25T20:38:22-07:00,0,0
global.js,104,js,7f6fe56f,Michael Luo,2025-05-01,21:57:34,-07:00,2025-05-01T21:57:34-07:00,0,0
global.js,105,js,74b52bf2,Michael Luo,2025-04-25,20:38:22,-07:00,2025-04-25T20:38:22-07:00,0,32
global.js,106,js,74b52bf2,Michael Luo,2025-04-25,20:38:22,-07:00,2025-04-25T20:38:22-07:00,0,72
global.js,107,js,74b52bf2,Michael Luo,2025-04-25,20:38:22,-07:00,2025-04-25T20:38:22-07:00,0,31
global.js,108,js,7f6fe56f,Michael Luo,2025-05-01,21:57:34,-07:00,2025-05-01T21:57:34-07:00,0,0
global.js,109,js,74b52bf2,Michael Luo,2025-04-25,20:38:22,-07:00,2025-04-25T20:38:22-07:00,0,28
global.js,110,js,74b52bf2,Michael Luo,2025-04-25,20:38:22,-07:00,2025-04-25T20:38:22-07:00,0,49
global.js,111,js,74b52bf2,Michael Luo,2025-04-25,20:38:22,-07:00,2025-04-25T20:38:22-07:00,0,20
global.js,112,js,74b52bf2,Michael Luo,2025-04-25,20:38:22,-07:00,2025-04-25T20:38:22-07:00,0,68
global.js,113,js,74b52bf2,Michael Luo,2025-04-25,20:38:22,-07:00,2025-04-25T20:38:22-07:00,0,106
global.js,114,js,7f6fe56f,Michael Luo,2025-05-01,21:57:34,-07:00,2025-05-01T21:57:34-07:00,0,25
global.js,115,js,7f6fe56f,Michael Luo,2025-05-01,21:57:34,-07:00,2025-05-01T21:57:34-07:00,0,58
global.js,116,js,7f6fe56f,Michael Luo,2025-05-01,21:57:34,-07:00,2025-05-01T21:57:34-07:00,0,67
global.js,117,js,7f6fe56f,Michael Luo,2025-05-01,21:57:34,-07:00,2025-05-01T21:57:34-07:00,0,5
global.js,118,js,74b52bf2,Michael Luo,2025-04-25,20:38:22,-07:00,2025-04-25T20:38:22-07:00,0,1
global.js,119,js,74b52bf2,Michael Luo,2025-04-25,20:38:22,-07:00,2025-04-25T20:38:22-07:00,0,37
global.js,120,js,74b52bf2,Michael Luo,2025-04-25,20:38:22,-07:00,2025-04-25T20:38:22-07:00,0,2
global.js,121,js,74b52bf2,Michael Luo,2025-04-25,20:38:22,-07:00,2025-04-25T20:38:22-07:00,0,0
global.js,122,js,7f6fe56f,Michael Luo,2025-05-01,21:57:34,-07:00,2025-05-01T21:57:34-07:00,0,0
global.js,123,js,d6108808,Michael Luo,2025-04-25,21:43:35,-07:00,2025-04-25T21:43:35-07:00,0,48
global.js,124,js,d6108808,Michael Luo,2025-04-25,21:43:35,-07:00,2025-04-25T21:43:35-07:00,0,60
global.js,125,js,d6108808,Michael Luo,2025-04-25,21:43:35,-07:00,2025-04-25T21:43:35-07:00,0,0
cv.html,1,html,7570e2b9,Michael Luo,2025-04-04,00:52:19,-07:00,2025-04-04T00:52:19-07:00,0,14
cv.html,2,html,7570e2b9,Michael Luo,2025-04-04,00:52:19,-07:00,2025-04-04T00:52:19-07:00,0,15
cv.html,3,html,7570e2b9,Michael Luo,2025-04-04,00:52:19,-07:00,2025-04-04T00:52:19-07:00,0,5
cv.html,4,html,7570e2b9,Michael Luo,2025-04-04,00:52:19,-07:00,2025-04-04T00:52:19-07:00,0,21
cv.html,5,html,7570e2b9,Michael Luo,2025-04-04,00:52:19,-07:00,2025-04-04T00:52:19-07:00,0,69
cv.html,6,html,7570e2b9,Michael Luo,2025-04-04,00:52:19,-07:00,2025-04-04T00:52:19-07:00,0,34
cv.html,7,html,7570e2b9,Michael Luo,2025-04-04,00:52:19,-07:00,2025-04-04T00:52:19-07:00,0,39
cv.html,8,html,7570e2b9,Michael Luo,2025-04-04,00:52:19,-07:00,2025-04-04T00:52:19-07:00,0,6
cv.html,9,html,7570e2b9,Michael Luo,2025-04-04,00:52:19,-07:00,2025-04-04T00:52:19-07:00,0,5
cv.html,10,html,908e1d77,Michael Luo,2025-04-17,03:28:21,-07:00,2025-04-17T03:28:21-07:00,0,3
cv.html,11,html,7570e2b9,Michael Luo,2025-04-04,00:52:19,-07:00,2025-04-04T00:52:19-07:00,0,4
cv.html,12,html,7570e2b9,Michael Luo,2025-04-04,00:52:19,-07:00,2025-04-04T00:52:19-07:00,0,3
cv.html,13,html,7570e2b9,Michael Luo,2025-04-04,00:52:19,-07:00,2025-04-04T00:52:19-07:00,0,37
cv.html,14,html,7570e2b9,Michael Luo,2025-04-04,00:52:19,-07:00,2025-04-04T00:52:19-07:00,0,50
cv.html,15,html,94044a45,Michael Luo,2025-04-17,02:58:27,-07:00,2025-04-17T02:58:27-07:00,0,48
cv.html,16,html,6bc60d69,Michael Luo,2025-04-04,00:55:04,-07:00,2025-04-04T00:55:04-07:00,0,78
cv.html,17,html,3bb0bbd2,Michael Luo,2025-04-17,02:56:05,-07:00,2025-04-17T02:56:05-07:00,0,41
cv.html,18,html,7570e2b9,Michael Luo,2025-04-04,00:52:19,-07:00,2025-04-04T00:52:19-07:00,0,4
cv.html,19,html,7570e2b9,Michael Luo,2025-04-04,00:52:19,-07:00,2025-04-04T00:52:19-07:00,0,5
cv.html,20,html,908e1d77,Michael Luo,2025-04-17,03:28:21,-07:00,2025-04-17T03:28:21-07:00,0,2
cv.html,21,html,7570e2b9,Michael Luo,2025-04-04,00:52:19,-07:00,2025-04-04T00:52:19-07:00,0,7
cv.html,22,html,7570e2b9,Michael Luo,2025-04-04,00:52:19,-07:00,2025-04-04T00:52:19-07:00,0,19
cv.html,23,html,7570e2b9,Michael Luo,2025-04-04,00:52:19,-07:00,2025-04-04T00:52:19-07:00,0,63
cv.html,24,html,7570e2b9,Michael Luo,2025-04-04,00:52:19,-07:00,2025-04-04T00:52:19-07:00,0,8
cv.html,25,html,7570e2b9,Michael Luo,2025-04-04,00:52:19,-07:00,2025-04-04T00:52:19-07:00,0,0
cv.html,26,html,7570e2b9,Michael Luo,2025-04-04,00:52:19,-07:00,2025-04-04T00:52:19-07:00,0,8
cv.html,27,html,7570e2b9,Michael Luo,2025-04-04,00:52:19,-07:00,2025-04-04T00:52:19-07:00,0,7
cv.html,28,html,7570e2b9,Michael Luo,2025-04-04,00:52:19,-07:00,2025-04-04T00:52:19-07:00,0,27
cv.html,29,html,7570e2b9,Michael Luo,2025-04-04,00:52:19,-07:00,2025-04-04T00:52:19-07:00,0,8
cv.html,30,html,7570e2b9,Michael Luo,2025-04-04,00:52:19,-07:00,2025-04-04T00:52:19-07:00,0,34
cv.html,31,html,7570e2b9,Michael Luo,2025-04-04,00:52:19,-07:00,2025-04-04T00:52:19-07:00,0,27
cv.html,32,html,3bb0bbd2,Michael Luo,2025-04-17,02:56:05,-07:00,2025-04-17T02:56:05-07:00,0,86
cv.html,33,html,7570e2b9,Michael Luo,2025-04-04,00:52:19,-07:00,2025-04-04T00:52:19-07:00,0,9
cv.html,34,html,7570e2b9,Michael Luo,2025-04-04,00:52:19,-07:00,2025-04-04T00:52:19-07:00,0,0
cv.html,35,html,7570e2b9,Michael Luo,2025-04-04,00:52:19,-07:00,2025-04-04T00:52:19-07:00,0,8
cv.html,36,html,7570e2b9,Michael Luo,2025-04-04,00:52:19,-07:00,2025-04-04T00:52:19-07:00,0,7
cv.html,37,html,7570e2b9,Michael Luo,2025-04-04,00:52:19,-07:00,2025-04-04T00:52:19-07:00,0,17
cv.html,38,html,7570e2b9,Michael Luo,2025-04-04,00:52:19,-07:00,2025-04-04T00:52:19-07:00,0,8
cv.html,39,html,7570e2b9,Michael Luo,2025-04-04,00:52:19,-07:00,2025-04-04T00:52:19-07:00,0,8
cv.html,40,html,7570e2b9,Michael Luo,2025-04-04,00:52:19,-07:00,2025-04-04T00:52:19-07:00,0,7
cv.html,41,html,7570e2b9,Michael Luo,2025-04-04,00:52:19,-07:00,2025-04-04T00:52:19-07:00,0,29
cv.html,42,html,7570e2b9,Michael Luo,2025-04-04,00:52:19,-07:00,2025-04-04T00:52:19-07:00,0,60
cv.html,43,html,7570e2b9,Michael Luo,2025-04-04,00:52:19,-07:00,2025-04-04T00:52:19-07:00,0,8
cv.html,44,html,7570e2b9,Michael Luo,2025-04-04,00:52:19,-07:00,2025-04-04T00:52:19-07:00,0,70
cv.html,45,html,7570e2b9,Michael Luo,2025-04-04,00:52:19,-07:00,2025-04-04T00:52:19-07:00,0,129
cv.html,46,html,7570e2b9,Michael Luo,2025-04-04,00:52:19,-07:00,2025-04-04T00:52:19-07:00,0,79
cv.html,47,html,7570e2b9,Michael Luo,2025-04-04,00:52:19,-07:00,2025-04-04T00:52:19-07:00,0,9
cv.html,48,html,7570e2b9,Michael Luo,2025-04-04,00:52:19,-07:00,2025-04-04T00:52:19-07:00,0,9
cv.html,49,html,7570e2b9,Michael Luo,2025-04-04,00:52:19,-07:00,2025-04-04T00:52:19-07:00,0,0
cv.html,50,html,7570e2b9,Michael Luo,2025-04-04,00:52:19,-07:00,2025-04-04T00:52:19-07:00,0,8
cv.html,51,html,7570e2b9,Michael Luo,2025-04-04,00:52:19,-07:00,2025-04-04T00:52:19-07:00,0,7
cv.html,52,html,7570e2b9,Michael Luo,2025-04-04,00:52:19,-07:00,2025-04-04T00:52:19-07:00,0,27
cv.html,53,html,7570e2b9,Michael Luo,2025-04-04,00:52:19,-07:00,2025-04-04T00:52:19-07:00,0,8
cv.html,54,html,7570e2b9,Michael Luo,2025-04-04,00:52:19,-07:00,2025-04-04T00:52:19-07:00,0,8
cv.html,55,html,7570e2b9,Michael Luo,2025-04-04,00:52:19,-07:00,2025-04-04T00:52:19-07:00,0,7
cv.html,56,html,7570e2b9,Michael Luo,2025-04-04,00:52:19,-07:00,2025-04-04T00:52:19-07:00,0,39
cv.html,57,html,7570e2b9,Michael Luo,2025-04-04,00:52:19,-07:00,2025-04-04T00:52:19-07:00,0,52
cv.html,58,html,7570e2b9,Michael Luo,2025-04-04,00:52:19,-07:00,2025-04-04T00:52:19-07:00,0,8
cv.html,59,html,7570e2b9,Michael Luo,2025-04-04,00:52:19,-07:00,2025-04-04T00:52:19-07:00,0,268
cv.html,60,html,7570e2b9,Michael Luo,2025-04-04,00:52:19,-07:00,2025-04-04T00:52:19-07:00,0,74
cv.html,61,html,7570e2b9,Michael Luo,2025-04-04,00:52:19,-07:00,2025-04-04T00:52:19-07:00,0,9
cv.html,62,html,7570e2b9,Michael Luo,2025-04-04,00:52:19,-07:00,2025-04-04T00:52:19-07:00,0,9
cv.html,63,html,7570e2b9,Michael Luo,2025-04-04,00:52:19,-07:00,2025-04-04T00:52:19-07:00,0,0
cv.html,64,html,7570e2b9,Michael Luo,2025-04-04,00:52:19,-07:00,2025-04-04T00:52:19-07:00,0,8
cv.html,65,html,7570e2b9,Michael Luo,2025-04-04,00:52:19,-07:00,2025-04-04T00:52:19-07:00,0,7
cv.html,66,html,7570e2b9,Michael Luo,2025-04-04,00:52:19,-07:00,2025-04-04T00:52:19-07:00,0,23
cv.html,67,html,7570e2b9,Michael Luo,2025-04-04,00:52:19,-07:00,2025-04-04T00:52:19-07:00,0,8
cv.html,68,html,7570e2b9,Michael Luo,2025-04-04,00:52:19,-07:00,2025-04-04T00:52:19-07:00,0,8
cv.html,69,html,7570e2b9,Michael Luo,2025-04-04,00:52:19,-07:00,2025-04-04T00:52:19-07:00,0,7
cv.html,70,html,7570e2b9,Michael Luo,2025-04-04,00:52:19,-07:00,2025-04-04T00:52:19-07:00,0,33
cv.html,71,html,7570e2b9,Michael Luo,2025-04-04,00:52:19,-07:00,2025-04-04T00:52:19-07:00,0,57
cv.html,72,html,7570e2b9,Michael Luo,2025-04-04,00:52:19,-07:00,2025-04-04T00:52:19-07:00,0,8
cv.html,73,html,7570e2b9,Michael Luo,2025-04-04,00:52:19,-07:00,2025-04-04T00:52:19-07:00,0,225
cv.html,74,html,7570e2b9,Michael Luo,2025-04-04,00:52:19,-07:00,2025-04-04T00:52:19-07:00,0,9
cv.html,75,html,7570e2b9,Michael Luo,2025-04-04,00:52:19,-07:00,2025-04-04T00:52:19-07:00,0,0
cv.html,76,html,7570e2b9,Michael Luo,2025-04-04,00:52:19,-07:00,2025-04-04T00:52:19-07:00,0,8
cv.html,77,html,7570e2b9,Michael Luo,2025-04-04,00:52:19,-07:00,2025-04-04T00:52:19-07:00,0,7
cv.html,78,html,7570e2b9,Michael Luo,2025-04-04,00:52:19,-07:00,2025-04-04T00:52:19-07:00,0,27
cv.html,79,html,7570e2b9,Michael Luo,2025-04-04,00:52:19,-07:00,2025-04-04T00:52:19-07:00,0,56
cv.html,80,html,7570e2b9,Michael Luo,2025-04-04,00:52:19,-07:00,2025-04-04T00:52:19-07:00,0,8
cv.html,81,html,7570e2b9,Michael Luo,2025-04-04,00:52:19,-07:00,2025-04-04T00:52:19-07:00,0,262
cv.html,82,html,7570e2b9,Michael Luo,2025-04-04,00:52:19,-07:00,2025-04-04T00:52:19-07:00,0,9
cv.html,83,html,7570e2b9,Michael Luo,2025-04-04,00:52:19,-07:00,2025-04-04T00:52:19-07:00,0,9
cv.html,84,html,7570e2b9,Michael Luo,2025-04-04,00:52:19,-07:00,2025-04-04T00:52:19-07:00,0,0
cv.html,85,html,7570e2b9,Michael Luo,2025-04-04,00:52:19,-07:00,2025-04-04T00:52:19-07:00,0,8
cv.html,86,html,7570e2b9,Michael Luo,2025-04-04,00:52:19,-07:00,2025-04-04T00:52:19-07:00,0,7
cv.html,87,html,7570e2b9,Michael Luo,2025-04-04,00:52:19,-07:00,2025-04-04T00:52:19-07:00,0,20
cv.html,88,html,7570e2b9,Michael Luo,2025-04-04,00:52:19,-07:00,2025-04-04T00:52:19-07:00,0,8
cv.html,89,html,7570e2b9,Michael Luo,2025-04-04,00:52:19,-07:00,2025-04-04T00:52:19-07:00,0,8
cv.html,90,html,7570e2b9,Michael Luo,2025-04-04,00:52:19,-07:00,2025-04-04T00:52:19-07:00,0,7
cv.html,91,html,7570e2b9,Michael Luo,2025-04-04,00:52:19,-07:00,2025-04-04T00:52:19-07:00,0,73
cv.html,92,html,7570e2b9,Michael Luo,2025-04-04,00:52:19,-07:00,2025-04-04T00:52:19-07:00,0,43
cv.html,93,html,7570e2b9,Michael Luo,2025-04-04,00:52:19,-07:00,2025-04-04T00:52:19-07:00,0,8
cv.html,94,html,7570e2b9,Michael Luo,2025-04-04,00:52:19,-07:00,2025-04-04T00:52:19-07:00,0,212
cv.html,95,html,7570e2b9,Michael Luo,2025-04-04,00:52:19,-07:00,2025-04-04T00:52:19-07:00,0,9
cv.html,96,html,7570e2b9,Michael Luo,2025-04-04,00:52:19,-07:00,2025-04-04T00:52:19-07:00,0,9
cv.html,97,html,7570e2b9,Michael Luo,2025-04-04,00:52:19,-07:00,2025-04-04T00:52:19-07:00,0,0
cv.html,98,html,7570e2b9,Michael Luo,2025-04-04,00:52:19,-07:00,2025-04-04T00:52:19-07:00,0,8
cv.html,99,html,7570e2b9,Michael Luo,2025-04-04,00:52:19,-07:00,2025-04-04T00:52:19-07:00,0,7
cv.html,100,html,7570e2b9,Michael Luo,2025-04-04,00:52:19,-07:00,2025-04-04T00:52:19-07:00,0,14
cv.html,101,html,7570e2b9,Michael Luo,2025-04-04,00:52:19,-07:00,2025-04-04T00:52:19-07:00,0,8
cv.html,102,html,7570e2b9,Michael Luo,2025-04-04,00:52:19,-07:00,2025-04-04T00:52:19-07:00,0,3
cv.html,103,html,7570e2b9,Michael Luo,2025-04-04,00:52:19,-07:00,2025-04-04T00:52:19-07:00,0,54
cv.html,104,html,7570e2b9,Michael Luo,2025-04-04,00:52:19,-07:00,2025-04-04T00:52:19-07:00,0,57
cv.html,105,html,7570e2b9,Michael Luo,2025-04-04,00:52:19,-07:00,2025-04-04T00:52:19-07:00,0,66
cv.html,106,html,7570e2b9,Michael Luo,2025-04-04,00:52:19,-07:00,2025-04-04T00:52:19-07:00,0,56
cv.html,107,html,7570e2b9,Michael Luo,2025-04-04,00:52:19,-07:00,2025-04-04T00:52:19-07:00,0,51
cv.html,108,html,7570e2b9,Michael Luo,2025-04-04,00:52:19,-07:00,2025-04-04T00:52:19-07:00,0,4
cv.html,109,html,7570e2b9,Michael Luo,2025-04-04,00:52:19,-07:00,2025-04-04T00:52:19-07:00,0,9
cv.html,110,html,7570e2b9,Michael Luo,2025-04-04,00:52:19,-07:00,2025-04-04T00:52:19-07:00,0,0
cv.html,111,html,7570e2b9,Michael Luo,2025-04-04,00:52:19,-07:00,2025-04-04T00:52:19-07:00,0,8
cv.html,112,html,7570e2b9,Michael Luo,2025-04-04,00:52:19,-07:00,2025-04-04T00:52:19-07:00,0,7
cv.html,113,html,7570e2b9,Michael Luo,2025-04-04,00:52:19,-07:00,2025-04-04T00:52:19-07:00,0,35
cv.html,114,html,7570e2b9,Michael Luo,2025-04-04,00:52:19,-07:00,2025-04-04T00:52:19-07:00,0,8
cv.html,115,html,7570e2b9,Michael Luo,2025-04-04,00:52:19,-07:00,2025-04-04T00:52:19-07:00,0,8
cv.html,116,html,7570e2b9,Michael Luo,2025-04-04,00:52:19,-07:00,2025-04-04T00:52:19-07:00,0,7
cv.html,117,html,7570e2b9,Michael Luo,2025-04-04,00:52:19,-07:00,2025-04-04T00:52:19-07:00,0,36
cv.html,118,html,7570e2b9,Michael Luo,2025-04-04,00:52:19,-07:00,2025-04-04T00:52:19-07:00,0,44
cv.html,119,html,7570e2b9,Michael Luo,2025-04-04,00:52:19,-07:00,2025-04-04T00:52:19-07:00,0,8
cv.html,120,html,7570e2b9,Michael Luo,2025-04-04,00:52:19,-07:00,2025-04-04T00:52:19-07:00,0,215
cv.html,121,html,7570e2b9,Michael Luo,2025-04-04,00:52:19,-07:00,2025-04-04T00:52:19-07:00,0,9
cv.html,122,html,7570e2b9,Michael Luo,2025-04-04,00:52:19,-07:00,2025-04-04T00:52:19-07:00,0,9
cv.html,123,html,7570e2b9,Michael Luo,2025-04-04,00:52:19,-07:00,2025-04-04T00:52:19-07:00,0,0
cv.html,124,html,7570e2b9,Michael Luo,2025-04-04,00:52:19,-07:00,2025-04-04T00:52:19-07:00,0,7
cv.html,125,html,7570e2b9,Michael Luo,2025-04-04,00:52:19,-07:00,2025-04-04T00:52:19-07:00,0,24
cv.html,126,html,7570e2b9,Michael Luo,2025-04-04,00:52:19,-07:00,2025-04-04T00:52:19-07:00,0,8
cv.html,127,html,26c6757f,Michael Luo,2025-04-17,02:39:20,-07:00,2025-04-17T02:39:20-07:00,0,46
cv.html,128,html,7570e2b9,Michael Luo,2025-04-04,00:52:19,-07:00,2025-04-04T00:52:19-07:00,0,6
cv.html,129,html,7570e2b9,Michael Luo,2025-04-04,00:52:19,-07:00,2025-04-04T00:52:19-07:00,0,6
projects/projects.js,1,js,1e27900b,Michael Luo,2025-05-01,23:39:00,-07:00,2025-05-01T23:39:00-07:00,0,64
projects/projects.js,2,js,74b52bf2,Michael Luo,2025-04-25,20:38:22,-07:00,2025-04-25T20:38:22-07:00,0,56
projects/projects.js,3,js,74b52bf2,Michael Luo,2025-04-25,20:38:22,-07:00,2025-04-25T20:38:22-07:00,0,0
projects/projects.js,4,js,6e092690,Michael Luo,2025-05-03,01:37:08,-07:00,2025-05-03T01:37:08-07:00,0,14
projects/projects.js,5,js,6e092690,Michael Luo,2025-05-03,01:37:08,-07:00,2025-05-03T01:37:08-07:00,0,17
projects/projects.js,6,js,4032a6e5,Michael Luo,2025-05-03,02:15:38,-07:00,2025-05-03T02:15:38-07:00,0,22
projects/projects.js,7,js,26bc6eb1,Michael Luo,2025-05-03,03:21:56,-07:00,2025-05-03T03:21:56-07:00,0,0
projects/projects.js,8,js,74b52bf2,Michael Luo,2025-04-25,20:38:22,-07:00,2025-04-25T20:38:22-07:00,0,19
projects/projects.js,9,js,6e092690,Michael Luo,2025-05-03,01:37:08,-07:00,2025-05-03T01:37:08-07:00,0,50
projects/projects.js,10,js,74b52bf2,Michael Luo,2025-04-25,20:38:22,-07:00,2025-04-25T20:38:22-07:00,0,61
projects/projects.js,11,js,ce70ffb0,Michael Luo,2025-05-03,03:12:34,-07:00,2025-05-03T03:12:34-07:00,0,63
projects/projects.js,12,js,26bc6eb1,Michael Luo,2025-05-03,03:21:56,-07:00,2025-05-03T03:21:56-07:00,0,49
projects/projects.js,13,js,e7a2edcf,Michael Luo,2025-04-25,20:57:32,-07:00,2025-04-25T20:57:32-07:00,0,19
projects/projects.js,14,js,e7a2edcf,Michael Luo,2025-04-25,20:57:32,-07:00,2025-04-25T20:57:32-07:00,0,58
projects/projects.js,15,js,e7a2edcf,Michael Luo,2025-04-25,20:57:32,-07:00,2025-04-25T20:57:32-07:00,0,0
projects/projects.js,16,js,26bc6eb1,Michael Luo,2025-05-03,03:21:56,-07:00,2025-05-03T03:21:56-07:00,0,0
projects/projects.js,17,js,26bc6eb1,Michael Luo,2025-05-03,03:21:56,-07:00,2025-05-03T03:21:56-07:00,0,26
projects/projects.js,18,js,26bc6eb1,Michael Luo,2025-05-03,03:21:56,-07:00,2025-05-03T03:21:56-07:00,0,33
projects/projects.js,19,js,26bc6eb1,Michael Luo,2025-05-03,03:21:56,-07:00,2025-05-03T03:21:56-07:00,0,0
projects/projects.js,20,js,26bc6eb1,Michael Luo,2025-05-03,03:21:56,-07:00,2025-05-03T03:21:56-07:00,0,41
projects/projects.js,21,js,26bc6eb1,Michael Luo,2025-05-03,03:21:56,-07:00,2025-05-03T03:21:56-07:00,0,30
projects/projects.js,22,js,26bc6eb1,Michael Luo,2025-05-03,03:21:56,-07:00,2025-05-03T03:21:56-07:00,0,31
projects/projects.js,23,js,26bc6eb1,Michael Luo,2025-05-03,03:21:56,-07:00,2025-05-03T03:21:56-07:00,0,0
projects/projects.js,24,js,26bc6eb1,Michael Luo,2025-05-03,03:21:56,-07:00,2025-05-03T03:21:56-07:00,0,29
projects/projects.js,25,js,26bc6eb1,Michael Luo,2025-05-03,03:21:56,-07:00,2025-05-03T03:21:56-07:00,0,7
projects/projects.js,26,js,26bc6eb1,Michael Luo,2025-05-03,03:21:56,-07:00,2025-05-03T03:21:56-07:00,0,15
projects/projects.js,27,js,26bc6eb1,Michael Luo,2025-05-03,03:21:56,-07:00,2025-05-03T03:21:56-07:00,0,12
projects/projects.js,28,js,26bc6eb1,Michael Luo,2025-05-03,03:21:56,-07:00,2025-05-03T03:21:56-07:00,0,1
projects/projects.js,29,js,26bc6eb1,Michael Luo,2025-05-03,03:21:56,-07:00,2025-05-03T03:21:56-07:00,0,0
projects/projects.js,30,js,26bc6eb1,Michael Luo,2025-05-03,03:21:56,-07:00,2025-05-03T03:21:56-07:00,0,48
projects/projects.js,31,js,26bc6eb1,Michael Luo,2025-05-03,03:21:56,-07:00,2025-05-03T03:21:56-07:00,0,12
projects/projects.js,32,js,26bc6eb1,Michael Luo,2025-05-03,03:21:56,-07:00,2025-05-03T03:21:56-07:00,0,10
projects/projects.js,33,js,26bc6eb1,Michael Luo,2025-05-03,03:21:56,-07:00,2025-05-03T03:21:56-07:00,0,3
projects/projects.js,34,js,26bc6eb1,Michael Luo,2025-05-03,03:21:56,-07:00,2025-05-03T03:21:56-07:00,0,0
projects/projects.js,35,js,26bc6eb1,Michael Luo,2025-05-03,03:21:56,-07:00,2025-05-03T03:21:56-07:00,0,50
projects/projects.js,36,js,26bc6eb1,Michael Luo,2025-05-03,03:21:56,-07:00,2025-05-03T03:21:56-07:00,0,60
projects/projects.js,37,js,26bc6eb1,Michael Luo,2025-05-03,03:21:56,-07:00,2025-05-03T03:21:56-07:00,0,53
projects/projects.js,38,js,26bc6eb1,Michael Luo,2025-05-03,03:21:56,-07:00,2025-05-03T03:21:56-07:00,0,36
projects/projects.js,39,js,26bc6eb1,Michael Luo,2025-05-03,03:21:56,-07:00,2025-05-03T03:21:56-07:00,0,48
projects/projects.js,40,js,26bc6eb1,Michael Luo,2025-05-03,03:21:56,-07:00,2025-05-03T03:21:56-07:00,0,0
projects/projects.js,41,js,26bc6eb1,Michael Luo,2025-05-03,03:21:56,-07:00,2025-05-03T03:21:56-07:00,0,11
projects/projects.js,42,js,26bc6eb1,Michael Luo,2025-05-03,03:21:56,-07:00,2025-05-03T03:21:56-07:00,0,27
projects/projects.js,43,js,26bc6eb1,Michael Luo,2025-05-03,03:21:56,-07:00,2025-05-03T03:21:56-07:00,0,17
projects/projects.js,44,js,26bc6eb1,Michael Luo,2025-05-03,03:21:56,-07:00,2025-05-03T03:21:56-07:00,0,14
projects/projects.js,45,js,26bc6eb1,Michael Luo,2025-05-03,03:21:56,-07:00,2025-05-03T03:21:56-07:00,0,25
projects/projects.js,46,js,26bc6eb1,Michael Luo,2025-05-03,03:21:56,-07:00,2025-05-03T03:21:56-07:00,0,54
projects/projects.js,47,js,26bc6eb1,Michael Luo,2025-05-03,03:21:56,-07:00,2025-05-03T03:21:56-07:00,0,19
projects/projects.js,48,js,26bc6eb1,Michael Luo,2025-05-03,03:21:56,-07:00,2025-05-03T03:21:56-07:00,0,48
projects/projects.js,49,js,26bc6eb1,Michael Luo,2025-05-03,03:21:56,-07:00,2025-05-03T03:21:56-07:00,0,0
projects/projects.js,50,js,26bc6eb1,Michael Luo,2025-05-03,03:21:56,-07:00,2025-05-03T03:21:56-07:00,0,20
projects/projects.js,51,js,26bc6eb1,Michael Luo,2025-05-03,03:21:56,-07:00,2025-05-03T03:21:56-07:00,0,65
projects/projects.js,52,js,26bc6eb1,Michael Luo,2025-05-03,03:21:56,-07:00,2025-05-03T03:21:56-07:00,0,0
projects/projects.js,53,js,26bc6eb1,Michael Luo,2025-05-03,03:21:56,-07:00,2025-05-03T03:21:56-07:00,0,21
projects/projects.js,54,js,26bc6eb1,Michael Luo,2025-05-03,03:21:56,-07:00,2025-05-03T03:21:56-07:00,0,82
projects/projects.js,55,js,26bc6eb1,Michael Luo,2025-05-03,03:21:56,-07:00,2025-05-03T03:21:56-07:00,0,0
projects/projects.js,56,js,26bc6eb1,Michael Luo,2025-05-03,03:21:56,-07:00,2025-05-03T03:21:56-07:00,0,76
projects/projects.js,57,js,26bc6eb1,Michael Luo,2025-05-03,03:21:56,-07:00,2025-05-03T03:21:56-07:00,0,28
projects/projects.js,58,js,26bc6eb1,Michael Luo,2025-05-03,03:21:56,-07:00,2025-05-03T03:21:56-07:00,0,48
projects/projects.js,59,js,26bc6eb1,Michael Luo,2025-05-03,03:21:56,-07:00,2025-05-03T03:21:56-07:00,0,10
projects/projects.js,60,js,26bc6eb1,Michael Luo,2025-05-03,03:21:56,-07:00,2025-05-03T03:21:56-07:00,0,0
projects/projects.js,61,js,26bc6eb1,Michael Luo,2025-05-03,03:21:56,-07:00,2025-05-03T03:21:56-07:00,0,49
projects/projects.js,62,js,26bc6eb1,Michael Luo,2025-05-03,03:21:56,-07:00,2025-05-03T03:21:56-07:00,0,19
projects/projects.js,63,js,26bc6eb1,Michael Luo,2025-05-03,03:21:56,-07:00,2025-05-03T03:21:56-07:00,0,58
projects/projects.js,64,js,26bc6eb1,Michael Luo,2025-05-03,03:21:56,-07:00,2025-05-03T03:21:56-07:00,0,0
projects/projects.js,65,js,26bc6eb1,Michael Luo,2025-05-03,03:21:56,-07:00,2025-05-03T03:21:56-07:00,0,2
projects/projects.js,66,js,ce70ffb0,Michael Luo,2025-05-03,03:12:34,-07:00,2025-05-03T03:12:34-07:00,0,2
projects/projects.js,67,js,26bc6eb1,Michael Luo,2025-05-03,03:21:56,-07:00,2025-05-03T03:21:56-07:00,0,0
projects/projects.js,68,js,26bc6eb1,Michael Luo,2025-05-03,03:21:56,-07:00,2025-05-03T03:21:56-07:00,0,13
projects/projects.js,69,js,26bc6eb1,Michael Luo,2025-05-03,03:21:56,-07:00,2025-05-03T03:21:56-07:00,0,25
projects/projects.js,70,js,26bc6eb1,Michael Luo,2025-05-03,03:21:56,-07:00,2025-05-03T03:21:56-07:00,0,18
projects/projects.js,71,js,26bc6eb1,Michael Luo,2025-05-03,03:21:56,-07:00,2025-05-03T03:21:56-07:00,0,40
projects/projects.js,72,js,26bc6eb1,Michael Luo,2025-05-03,03:21:56,-07:00,2025-05-03T03:21:56-07:00,0,73
projects/projects.js,73,js,26bc6eb1,Michael Luo,2025-05-03,03:21:56,-07:00,2025-05-03T03:21:56-07:00,0,69
projects/projects.js,74,js,26bc6eb1,Michael Luo,2025-05-03,03:21:56,-07:00,2025-05-03T03:21:56-07:00,0,19
projects/projects.js,75,js,26bc6eb1,Michael Luo,2025-05-03,03:21:56,-07:00,2025-05-03T03:21:56-07:00,0,48
projects/projects.js,76,js,26bc6eb1,Michael Luo,2025-05-03,03:21:56,-07:00,2025-05-03T03:21:56-07:00,0,0
projects/projects.js,77,js,26bc6eb1,Michael Luo,2025-05-03,03:21:56,-07:00,2025-05-03T03:21:56-07:00,0,20
projects/projects.js,78,js,26bc6eb1,Michael Luo,2025-05-03,03:21:56,-07:00,2025-05-03T03:21:56-07:00,0,65
projects/projects.js,79,js,26bc6eb1,Michael Luo,2025-05-03,03:21:56,-07:00,2025-05-03T03:21:56-07:00,0,0
projects/projects.js,80,js,26bc6eb1,Michael Luo,2025-05-03,03:21:56,-07:00,2025-05-03T03:21:56-07:00,0,21
projects/projects.js,81,js,26bc6eb1,Michael Luo,2025-05-03,03:21:56,-07:00,2025-05-03T03:21:56-07:00,0,82
projects/projects.js,82,js,26bc6eb1,Michael Luo,2025-05-03,03:21:56,-07:00,2025-05-03T03:21:56-07:00,0,0
projects/projects.js,83,js,26bc6eb1,Michael Luo,2025-05-03,03:21:56,-07:00,2025-05-03T03:21:56-07:00,0,76
projects/projects.js,84,js,26bc6eb1,Michael Luo,2025-05-03,03:21:56,-07:00,2025-05-03T03:21:56-07:00,0,28
projects/projects.js,85,js,26bc6eb1,Michael Luo,2025-05-03,03:21:56,-07:00,2025-05-03T03:21:56-07:00,0,48
projects/projects.js,86,js,26bc6eb1,Michael Luo,2025-05-03,03:21:56,-07:00,2025-05-03T03:21:56-07:00,0,10
projects/projects.js,87,js,26bc6eb1,Michael Luo,2025-05-03,03:21:56,-07:00,2025-05-03T03:21:56-07:00,0,0
projects/projects.js,88,js,26bc6eb1,Michael Luo,2025-05-03,03:21:56,-07:00,2025-05-03T03:21:56-07:00,0,49
projects/projects.js,89,js,26bc6eb1,Michael Luo,2025-05-03,03:21:56,-07:00,2025-05-03T03:21:56-07:00,0,19
projects/projects.js,90,js,26bc6eb1,Michael Luo,2025-05-03,03:21:56,-07:00,2025-05-03T03:21:56-07:00,0,58
projects/projects.js,91,js,26bc6eb1,Michael Luo,2025-05-03,03:21:56,-07:00,2025-05-03T03:21:56-07:00,0,0
projects/projects.js,92,js,26bc6eb1,Michael Luo,2025-05-03,03:21:56,-07:00,2025-05-03T03:21:56-07:00,0,2
projects/projects.js,93,js,80b62cbb,Michael Luo,2025-05-03,03:00:11,-07:00,2025-05-03T03:00:11-07:00,0,2
projects/projects.js,94,js,26bc6eb1,Michael Luo,2025-05-03,03:21:56,-07:00,2025-05-03T03:21:56-07:00,0,1
projects/projects.js,95,js,6e092690,Michael Luo,2025-05-03,01:37:08,-07:00,2025-05-03T01:37:08-07:00,0,0
projects/projects.js,96,js,26bc6eb1,Michael Luo,2025-05-03,03:21:56,-07:00,2025-05-03T03:21:56-07:00,0,29
projects/projects.js,97,js,76a6dc38,Michael Luo,2025-05-03,03:05:53,-07:00,2025-05-03T03:05:53-07:00,0,0
projects/projects.js,98,js,76a6dc38,Michael Luo,2025-05-03,03:05:53,-07:00,2025-05-03T03:05:53-07:00,0,0
projects/projects.js,99,js,26bc6eb1,Michael Luo,2025-05-03,03:21:56,-07:00,2025-05-03T03:21:56-07:00,0,56
projects/projects.js,100,js,26bc6eb1,Michael Luo,2025-05-03,03:21:56,-07:00,2025-05-03T03:21:56-07:00,0,49
projects/projects.js,101,js,26bc6eb1,Michael Luo,2025-05-03,03:21:56,-07:00,2025-05-03T03:21:56-07:00,0,40
projects/projects.js,102,js,d428958d,Michael Luo,2025-05-03,01:57:21,-07:00,2025-05-03T01:57:21-07:00,0,0
projects/projects.js,103,js,26bc6eb1,Michael Luo,2025-05-03,03:21:56,-07:00,2025-05-03T03:21:56-07:00,0,54
projects/projects.js,104,js,26bc6eb1,Michael Luo,2025-05-03,03:21:56,-07:00,2025-05-03T03:21:56-07:00,0,62
projects/projects.js,105,js,26bc6eb1,Michael Luo,2025-05-03,03:21:56,-07:00,2025-05-03T03:21:56-07:00,0,29
projects/projects.js,106,js,26bc6eb1,Michael Luo,2025-05-03,03:21:56,-07:00,2025-05-03T03:21:56-07:00,0,2
projects/projects.js,107,js,76a6dc38,Michael Luo,2025-05-03,03:05:53,-07:00,2025-05-03T03:05:53-07:00,0,0
projects/projects.js,108,js,26bc6eb1,Michael Luo,2025-05-03,03:21:56,-07:00,2025-05-03T03:21:56-07:00,0,18
projects/projects.js,109,js,26bc6eb1,Michael Luo,2025-05-03,03:21:56,-07:00,2025-05-03T03:21:56-07:00,0,37
projects/projects.js,110,js,26bc6eb1,Michael Luo,2025-05-03,03:21:56,-07:00,2025-05-03T03:21:56-07:00,0,57
projects/projects.js,111,js,26bc6eb1,Michael Luo,2025-05-03,03:21:56,-07:00,2025-05-03T03:21:56-07:00,0,19
projects/projects.js,112,js,26bc6eb1,Michael Luo,2025-05-03,03:21:56,-07:00,2025-05-03T03:21:56-07:00,0,66
projects/projects.js,113,js,26bc6eb1,Michael Luo,2025-05-03,03:21:56,-07:00,2025-05-03T03:21:56-07:00,0,0
projects/projects.js,114,js,d428958d,Michael Luo,2025-05-03,01:57:21,-07:00,2025-05-03T01:57:21-07:00,0,2
projects/projects.js,115,js,26bc6eb1,Michael Luo,2025-05-03,03:21:56,-07:00,2025-05-03T03:21:56-07:00,0,4
projects/index.html,1,html,f35b8e63,Michael Luo,2025-04-04,00:08:01,-07:00,2025-04-04T00:08:01-07:00,0,14
projects/index.html,2,html,f35b8e63,Michael Luo,2025-04-04,00:08:01,-07:00,2025-04-04T00:08:01-07:00,0,15
projects/index.html,3,html,f35b8e63,Michael Luo,2025-04-04,00:08:01,-07:00,2025-04-04T00:08:01-07:00,0,5
projects/index.html,4,html,f35b8e63,Michael Luo,2025-04-04,00:08:01,-07:00,2025-04-04T00:08:01-07:00,0,21
projects/index.html,5,html,f35b8e63,Michael Luo,2025-04-04,00:08:01,-07:00,2025-04-04T00:08:01-07:00,0,69
projects/index.html,6,html,f35b8e63,Michael Luo,2025-04-04,00:08:01,-07:00,2025-04-04T00:08:01-07:00,0,22
projects/index.html,7,html,af9333c6,Michael Luo,2025-04-04,00:40:56,-07:00,2025-04-04T00:40:56-07:00,0,42
projects/index.html,8,html,f35b8e63,Michael Luo,2025-04-04,00:08:01,-07:00,2025-04-04T00:08:01-07:00,0,6
projects/index.html,9,html,f35b8e63,Michael Luo,2025-04-04,00:08:01,-07:00,2025-04-04T00:08:01-07:00,0,5
projects/index.html,10,html,908e1d77,Michael Luo,2025-04-17,03:28:21,-07:00,2025-04-17T03:28:21-07:00,0,3
projects/index.html,11,html,f35b8e63,Michael Luo,2025-04-04,00:08:01,-07:00,2025-04-04T00:08:01-07:00,0,4
projects/index.html,12,html,f35b8e63,Michael Luo,2025-04-04,00:08:01,-07:00,2025-04-04T00:08:01-07:00,0,3
projects/index.html,13,html,f35b8e63,Michael Luo,2025-04-04,00:08:01,-07:00,2025-04-04T00:08:01-07:00,0,40
projects/index.html,14,html,f35b8e63,Michael Luo,2025-04-04,00:08:01,-07:00,2025-04-04T00:08:01-07:00,0,41
projects/index.html,15,html,f35b8e63,Michael Luo,2025-04-04,00:08:01,-07:00,2025-04-04T00:08:01-07:00,0,51
projects/index.html,16,html,2d5fe3a9,Michael Luo,2025-04-04,00:38:44,-07:00,2025-04-04T00:38:44-07:00,0,78
projects/index.html,17,html,3bb0bbd2,Michael Luo,2025-04-17,02:56:05,-07:00,2025-04-17T02:56:05-07:00,0,44
projects/index.html,18,html,f35b8e63,Michael Luo,2025-04-04,00:08:01,-07:00,2025-04-04T00:08:01-07:00,0,4
projects/index.html,19,html,f35b8e63,Michael Luo,2025-04-04,00:08:01,-07:00,2025-04-04T00:08:01-07:00,0,5
projects/index.html,20,html,908e1d77,Michael Luo,2025-04-17,03:28:21,-07:00,2025-04-17T03:28:21-07:00,0,2
projects/index.html,21,html,e7a2edcf,Michael Luo,2025-04-25,20:57:32,-07:00,2025-04-25T20:57:32-07:00,0,42
projects/index.html,22,html,f6be6d14,Michael Luo,2025-05-02,00:45:22,-07:00,2025-05-02T00:45:22-07:00,0,22
projects/index.html,23,html,cd4d01aa,Michael Luo,2025-05-02,02:33:27,-07:00,2025-05-02T02:33:27-07:00,0,55
projects/index.html,24,html,f6be6d14,Michael Luo,2025-05-02,00:45:22,-07:00,2025-05-02T00:45:22-07:00,0,23
projects/index.html,25,html,6e092690,Michael Luo,2025-05-03,01:37:08,-07:00,2025-05-03T01:37:08-07:00,0,5
projects/index.html,26,html,6e092690,Michael Luo,2025-05-03,01:37:08,-07:00,2025-05-03T01:37:08-07:00,0,5
projects/index.html,27,html,6e092690,Michael Luo,2025-05-03,01:37:08,-07:00,2025-05-03T01:37:08-07:00,0,16
projects/index.html,28,html,6e092690,Michael Luo,2025-05-03,01:37:08,-07:00,2025-05-03T01:37:08-07:00,0,12
projects/index.html,29,html,6e092690,Michael Luo,2025-05-03,01:37:08,-07:00,2025-05-03T01:37:08-07:00,0,27
projects/index.html,30,html,6e092690,Michael Luo,2025-05-03,01:37:08,-07:00,2025-05-03T01:37:08-07:00,0,32
projects/index.html,31,html,6e092690,Michael Luo,2025-05-03,01:37:08,-07:00,2025-05-03T01:37:08-07:00,0,1
projects/index.html,32,html,bfb9ebb6,Michael Luo,2025-05-02,00:44:56,-07:00,2025-05-02T00:44:56-07:00,0,21
projects/index.html,33,html,0616c480,Michael Luo,2025-04-25,20:53:26,-07:00,2025-04-25T20:53:26-07:00,0,13
projects/index.html,34,html,96d86e53,Michael Luo,2025-04-10,02:42:06,-07:00,2025-04-10T02:42:06-07:00,0,30
projects/index.html,35,html,96d86e53,Michael Luo,2025-04-10,02:42:06,-07:00,2025-04-10T02:42:06-07:00,0,71
projects/index.html,36,html,96d86e53,Michael Luo,2025-04-10,02:42:06,-07:00,2025-04-10T02:42:06-07:00,0,207
projects/index.html,37,html,96d86e53,Michael Luo,2025-04-10,02:42:06,-07:00,2025-04-10T02:42:06-07:00,0,9
projects/index.html,38,html,96d86e53,Michael Luo,2025-04-10,02:42:06,-07:00,2025-04-10T02:42:06-07:00,0,8
projects/index.html,39,html,96d86e53,Michael Luo,2025-04-10,02:42:06,-07:00,2025-04-10T02:42:06-07:00,0,37
projects/index.html,40,html,96d86e53,Michael Luo,2025-04-10,02:42:06,-07:00,2025-04-10T02:42:06-07:00,0,71
projects/index.html,41,html,96d86e53,Michael Luo,2025-04-10,02:42:06,-07:00,2025-04-10T02:42:06-07:00,0,227
projects/index.html,42,html,96d86e53,Michael Luo,2025-04-10,02:42:06,-07:00,2025-04-10T02:42:06-07:00,0,9
projects/index.html,43,html,96d86e53,Michael Luo,2025-04-10,02:42:06,-07:00,2025-04-10T02:42:06-07:00,0,8
projects/index.html,44,html,96d86e53,Michael Luo,2025-04-10,02:42:06,-07:00,2025-04-10T02:42:06-07:00,0,50
projects/index.html,45,html,96d86e53,Michael Luo,2025-04-10,02:42:06,-07:00,2025-04-10T02:42:06-07:00,0,71
projects/index.html,46,html,96d86e53,Michael Luo,2025-04-10,02:42:06,-07:00,2025-04-10T02:42:06-07:00,0,230
projects/index.html,47,html,96d86e53,Michael Luo,2025-04-10,02:42:06,-07:00,2025-04-10T02:42:06-07:00,0,9
projects/index.html,48,html,96d86e53,Michael Luo,2025-04-10,02:42:06,-07:00,2025-04-10T02:42:06-07:00,0,8
projects/index.html,49,html,96d86e53,Michael Luo,2025-04-10,02:42:06,-07:00,2025-04-10T02:42:06-07:00,0,42
projects/index.html,50,html,96d86e53,Michael Luo,2025-04-10,02:42:06,-07:00,2025-04-10T02:42:06-07:00,0,71
projects/index.html,51,html,96d86e53,Michael Luo,2025-04-10,02:42:06,-07:00,2025-04-10T02:42:06-07:00,0,215
projects/index.html,52,html,96d86e53,Michael Luo,2025-04-10,02:42:06,-07:00,2025-04-10T02:42:06-07:00,0,9
projects/index.html,53,html,96d86e53,Michael Luo,2025-04-10,02:42:06,-07:00,2025-04-10T02:42:06-07:00,0,8
projects/index.html,54,html,96d86e53,Michael Luo,2025-04-10,02:42:06,-07:00,2025-04-10T02:42:06-07:00,0,29
projects/index.html,55,html,96d86e53,Michael Luo,2025-04-10,02:42:06,-07:00,2025-04-10T02:42:06-07:00,0,71
projects/index.html,56,html,96d86e53,Michael Luo,2025-04-10,02:42:06,-07:00,2025-04-10T02:42:06-07:00,0,238
projects/index.html,57,html,96d86e53,Michael Luo,2025-04-10,02:42:06,-07:00,2025-04-10T02:42:06-07:00,0,9
projects/index.html,58,html,96d86e53,Michael Luo,2025-04-10,02:42:06,-07:00,2025-04-10T02:42:06-07:00,0,8
projects/index.html,59,html,96d86e53,Michael Luo,2025-04-10,02:42:06,-07:00,2025-04-10T02:42:06-07:00,0,40
projects/index.html,60,html,96d86e53,Michael Luo,2025-04-10,02:42:06,-07:00,2025-04-10T02:42:06-07:00,0,71
projects/index.html,61,html,96d86e53,Michael Luo,2025-04-10,02:42:06,-07:00,2025-04-10T02:42:06-07:00,0,206
projects/index.html,62,html,96d86e53,Michael Luo,2025-04-10,02:42:06,-07:00,2025-04-10T02:42:06-07:00,0,9
projects/index.html,63,html,96d86e53,Michael Luo,2025-04-10,02:42:06,-07:00,2025-04-10T02:42:06-07:00,0,8
projects/index.html,64,html,96d86e53,Michael Luo,2025-04-10,02:42:06,-07:00,2025-04-10T02:42:06-07:00,0,27
projects/index.html,65,html,96d86e53,Michael Luo,2025-04-10,02:42:06,-07:00,2025-04-10T02:42:06-07:00,0,71
projects/index.html,66,html,96d86e53,Michael Luo,2025-04-10,02:42:06,-07:00,2025-04-10T02:42:06-07:00,0,232
projects/index.html,67,html,96d86e53,Michael Luo,2025-04-10,02:42:06,-07:00,2025-04-10T02:42:06-07:00,0,9
projects/index.html,68,html,96d86e53,Michael Luo,2025-04-10,02:42:06,-07:00,2025-04-10T02:42:06-07:00,0,8
projects/index.html,69,html,96d86e53,Michael Luo,2025-04-10,02:42:06,-07:00,2025-04-10T02:42:06-07:00,0,40
projects/index.html,70,html,96d86e53,Michael Luo,2025-04-10,02:42:06,-07:00,2025-04-10T02:42:06-07:00,0,71
projects/index.html,71,html,96d86e53,Michael Luo,2025-04-10,02:42:06,-07:00,2025-04-10T02:42:06-07:00,0,240
projects/index.html,72,html,96d86e53,Michael Luo,2025-04-10,02:42:06,-07:00,2025-04-10T02:42:06-07:00,0,9
projects/index.html,73,html,96d86e53,Michael Luo,2025-04-10,02:42:06,-07:00,2025-04-10T02:42:06-07:00,0,8
projects/index.html,74,html,96d86e53,Michael Luo,2025-04-10,02:42:06,-07:00,2025-04-10T02:42:06-07:00,0,33
projects/index.html,75,html,96d86e53,Michael Luo,2025-04-10,02:42:06,-07:00,2025-04-10T02:42:06-07:00,0,71
projects/index.html,76,html,96d86e53,Michael Luo,2025-04-10,02:42:06,-07:00,2025-04-10T02:42:06-07:00,0,235
projects/index.html,77,html,96d86e53,Michael Luo,2025-04-10,02:42:06,-07:00,2025-04-10T02:42:06-07:00,0,9
projects/index.html,78,html,96d86e53,Michael Luo,2025-04-10,02:42:06,-07:00,2025-04-10T02:42:06-07:00,0,8
projects/index.html,79,html,96d86e53,Michael Luo,2025-04-10,02:42:06,-07:00,2025-04-10T02:42:06-07:00,0,29
projects/index.html,80,html,96d86e53,Michael Luo,2025-04-10,02:42:06,-07:00,2025-04-10T02:42:06-07:00,0,71
projects/index.html,81,html,96d86e53,Michael Luo,2025-04-10,02:42:06,-07:00,2025-04-10T02:42:06-07:00,0,245
projects/index.html,82,html,96d86e53,Michael Luo,2025-04-10,02:42:06,-07:00,2025-04-10T02:42:06-07:00,0,9
projects/index.html,83,html,96d86e53,Michael Luo,2025-04-10,02:42:06,-07:00,2025-04-10T02:42:06-07:00,0,8
projects/index.html,84,html,96d86e53,Michael Luo,2025-04-10,02:42:06,-07:00,2025-04-10T02:42:06-07:00,0,35
projects/index.html,85,html,96d86e53,Michael Luo,2025-04-10,02:42:06,-07:00,2025-04-10T02:42:06-07:00,0,71
projects/index.html,86,html,96d86e53,Michael Luo,2025-04-10,02:42:06,-07:00,2025-04-10T02:42:06-07:00,0,259
projects/index.html,87,html,96d86e53,Michael Luo,2025-04-10,02:42:06,-07:00,2025-04-10T02:42:06-07:00,0,9
projects/index.html,88,html,96d86e53,Michael Luo,2025-04-10,02:42:06,-07:00,2025-04-10T02:42:06-07:00,0,8
projects/index.html,89,html,96d86e53,Michael Luo,2025-04-10,02:42:06,-07:00,2025-04-10T02:42:06-07:00,0,41
projects/index.html,90,html,96d86e53,Michael Luo,2025-04-10,02:42:06,-07:00,2025-04-10T02:42:06-07:00,0,71
projects/index.html,91,html,96d86e53,Michael Luo,2025-04-10,02:42:06,-07:00,2025-04-10T02:42:06-07:00,0,224
projects/index.html,92,html,0616c480,Michael Luo,2025-04-25,20:53:26,-07:00,2025-04-25T20:53:26-07:00,0,13
projects/index.html,93,html,96d86e53,Michael Luo,2025-04-10,02:42:06,-07:00,2025-04-10T02:42:06-07:00,0,5
projects/index.html,94,html,389cd7a9,Michael Luo,2025-04-17,02:47:35,-07:00,2025-04-17T02:47:35-07:00,0,49
projects/index.html,95,html,74b52bf2,Michael Luo,2025-04-25,20:38:22,-07:00,2025-04-25T20:38:22-07:00,0,48
projects/index.html,96,html,f35b8e63,Michael Luo,2025-04-04,00:08:01,-07:00,2025-04-04T00:08:01-07:00,0,6
projects/index.html,97,html,f35b8e63,Michael Luo,2025-04-04,00:08:01,-07:00,2025-04-04T00:08:01-07:00,0,6
meta/index.html,1,html,88a27322,Michael Luo,2025-05-08,20:54:22,-07:00,2025-05-08T20:54:22-07:00,0,14
meta/index.html,2,html,88a27322,Michael Luo,2025-05-08,20:54:22,-07:00,2025-05-08T20:54:22-07:00,0,15
meta/index.html,3,html,88a27322,Michael Luo,2025-05-08,20:54:22,-07:00,2025-05-08T20:54:22-07:00,0,5
meta/index.html,4,html,88a27322,Michael Luo,2025-05-08,20:54:22,-07:00,2025-05-08T20:54:22-07:00,0,21
meta/index.html,5,html,88a27322,Michael Luo,2025-05-08,20:54:22,-07:00,2025-05-08T20:54:22-07:00,0,18
meta/index.html,6,html,88a27322,Michael Luo,2025-05-08,20:54:22,-07:00,2025-05-08T20:54:22-07:00,0,6
meta/index.html,7,html,88a27322,Michael Luo,2025-05-08,20:54:22,-07:00,2025-05-08T20:54:22-07:00,0,5
meta/index.html,8,html,88a27322,Michael Luo,2025-05-08,20:54:22,-07:00,2025-05-08T20:54:22-07:00,0,12
meta/index.html,9,html,88a27322,Michael Luo,2025-05-08,20:54:22,-07:00,2025-05-08T20:54:22-07:00,0,62
meta/index.html,10,html,88a27322,Michael Luo,2025-05-08,20:54:22,-07:00,2025-05-08T20:54:22-07:00,0,6
meta/index.html,11,html,88a27322,Michael Luo,2025-05-08,20:54:22,-07:00,2025-05-08T20:54:22-07:00,0,6
contact/index.html,1,html,f35b8e63,Michael Luo,2025-04-04,00:08:01,-07:00,2025-04-04T00:08:01-07:00,0,14
contact/index.html,2,html,f35b8e63,Michael Luo,2025-04-04,00:08:01,-07:00,2025-04-04T00:08:01-07:00,0,15
contact/index.html,3,html,f35b8e63,Michael Luo,2025-04-04,00:08:01,-07:00,2025-04-04T00:08:01-07:00,0,5
contact/index.html,4,html,f35b8e63,Michael Luo,2025-04-04,00:08:01,-07:00,2025-04-04T00:08:01-07:00,0,21
contact/index.html,5,html,f35b8e63,Michael Luo,2025-04-04,00:08:01,-07:00,2025-04-04T00:08:01-07:00,0,69
contact/index.html,6,html,f35b8e63,Michael Luo,2025-04-04,00:08:01,-07:00,2025-04-04T00:08:01-07:00,0,21
contact/index.html,7,html,25b585e9,Michael Luo,2025-04-04,00:13:33,-07:00,2025-04-04T00:13:33-07:00,0,42
contact/index.html,8,html,f35b8e63,Michael Luo,2025-04-04,00:08:01,-07:00,2025-04-04T00:08:01-07:00,0,6
contact/index.html,9,html,f35b8e63,Michael Luo,2025-04-04,00:08:01,-07:00,2025-04-04T00:08:01-07:00,0,5
contact/index.html,10,html,511193e1,Michael Luo,2025-04-17,03:38:42,-07:00,2025-04-17T03:38:42-07:00,0,3
contact/index.html,11,html,f35b8e63,Michael Luo,2025-04-04,00:08:01,-07:00,2025-04-04T00:08:01-07:00,0,4
contact/index.html,12,html,f35b8e63,Michael Luo,2025-04-04,00:08:01,-07:00,2025-04-04T00:08:01-07:00,0,3
contact/index.html,13,html,f35b8e63,Michael Luo,2025-04-04,00:08:01,-07:00,2025-04-04T00:08:01-07:00,0,40
contact/index.html,14,html,f35b8e63,Michael Luo,2025-04-04,00:08:01,-07:00,2025-04-04T00:08:01-07:00,0,53
contact/index.html,15,html,f35b8e63,Michael Luo,2025-04-04,00:08:01,-07:00,2025-04-04T00:08:01-07:00,0,40
contact/index.html,16,html,2d5fe3a9,Michael Luo,2025-04-04,00:38:44,-07:00,2025-04-04T00:38:44-07:00,0,78
contact/index.html,17,html,3bb0bbd2,Michael Luo,2025-04-17,02:56:05,-07:00,2025-04-17T02:56:05-07:00,0,44
contact/index.html,18,html,f35b8e63,Michael Luo,2025-04-04,00:08:01,-07:00,2025-04-04T00:08:01-07:00,0,4
contact/index.html,19,html,f35b8e63,Michael Luo,2025-04-04,00:08:01,-07:00,2025-04-04T00:08:01-07:00,0,5
contact/index.html,20,html,511193e1,Michael Luo,2025-04-17,03:38:42,-07:00,2025-04-17T03:38:42-07:00,0,2
contact/index.html,21,html,f35b8e63,Michael Luo,2025-04-04,00:08:01,-07:00,2025-04-04T00:08:01-07:00,0,15
contact/index.html,22,html,25b585e9,Michael Luo,2025-04-04,00:13:33,-07:00,2025-04-04T00:13:33-07:00,0,0
contact/index.html,23,html,25b585e9,Michael Luo,2025-04-04,00:13:33,-07:00,2025-04-04T00:13:33-07:00,0,79
contact/index.html,24,html,25b585e9,Michael Luo,2025-04-04,00:13:33,-07:00,2025-04-04T00:13:33-07:00,0,6
contact/index.html,25,html,25b585e9,Michael Luo,2025-04-04,00:13:33,-07:00,2025-04-04T00:13:33-07:00,0,10
contact/index.html,26,html,25b585e9,Michael Luo,2025-04-04,00:13:33,-07:00,2025-04-04T00:13:33-07:00,0,41
contact/index.html,27,html,25b585e9,Michael Luo,2025-04-04,00:13:33,-07:00,2025-04-04T00:13:33-07:00,0,7
contact/index.html,28,html,25b585e9,Michael Luo,2025-04-04,00:13:33,-07:00,2025-04-04T00:13:33-07:00,0,6
contact/index.html,29,html,25b585e9,Michael Luo,2025-04-04,00:13:33,-07:00,2025-04-04T00:13:33-07:00,0,7
contact/index.html,30,html,25b585e9,Michael Luo,2025-04-04,00:13:33,-07:00,2025-04-04T00:13:33-07:00,0,21
contact/index.html,31,html,25b585e9,Michael Luo,2025-04-04,00:13:33,-07:00,2025-04-04T00:13:33-07:00,0,7
contact/index.html,32,html,25b585e9,Michael Luo,2025-04-04,00:13:33,-07:00,2025-04-04T00:13:33-07:00,0,6
contact/index.html,33,html,5d6518ad,Michael Luo,2025-04-04,00:19:47,-07:00,2025-04-04T00:19:47-07:00,0,4
contact/index.html,34,html,1f214e8d,Michael Luo,2025-04-04,00:18:05,-07:00,2025-04-04T00:18:05-07:00,0,32
contact/index.html,35,html,25b585e9,Michael Luo,2025-04-04,00:13:33,-07:00,2025-04-04T00:13:33-07:00,0,7
contact/index.html,36,html,1f214e8d,Michael Luo,2025-04-04,00:18:05,-07:00,2025-04-04T00:18:05-07:00,0,22
contact/index.html,37,html,25b585e9,Michael Luo,2025-04-04,00:13:33,-07:00,2025-04-04T00:13:33-07:00,0,6
contact/index.html,38,html,389cd7a9,Michael Luo,2025-04-17,02:47:35,-07:00,2025-04-17T02:47:35-07:00,0,49
contact/index.html,39,html,f35b8e63,Michael Luo,2025-04-04,00:08:01,-07:00,2025-04-04T00:08:01-07:00,0,6
contact/index.html,40,html,25b585e9,Michael Luo,2025-04-04,00:13:33,-07:00,2025-04-04T00:13:33-07:00,0,6
